window,end_epoch,timestamp,lat,lon,x,y,p_clean_5s,p_warning_5s,p_degraded_5s,pred_5s,p_clean_15s,p_warning_15s,p_degraded_15s,pred_15s,p_clean_30s,p_warning_30s,p_degraded_30s,pred_30s
0,29,2026-06-06 09:22:39+00:00,30.360404338333332,119.97153089666666,22.919005705000988,1.3929778943150666,0.6302,0.0212,0.3486,CLEAN,0.6578,0.0351,0.3071,CLEAN,0.7419,0.0652,0.1928,CLEAN
1,30,2026-06-06 09:22:40+00:00,30.360407633333335,119.97153947333334,23.742824566894114,1.7597756166687768,0.6322,0.0213,0.3465,CLEAN,0.6599,0.0354,0.3047,CLEAN,0.7419,0.0655,0.1926,CLEAN
2,31,2026-06-06 09:22:41+00:00,30.360409546666666,119.97154781666667,24.544230943250295,1.972766909149527,0.6323,0.0213,0.3464,CLEAN,0.66,0.0356,0.3044,CLEAN,0.7422,0.0656,0.1923,CLEAN
3,32,2026-06-06 09:22:42+00:00,30.360410288333334,119.97155812,25.53390218198624,2.055328865171259,0.6341,0.0217,0.3442,CLEAN,0.6614,0.0361,0.3025,CLEAN,0.7404,0.0664,0.1932,CLEAN
4,33,2026-06-06 09:22:43+00:00,30.36041091,119.97156755500001,26.440166963828315,2.124532481593513,0.6326,0.0211,0.3462,CLEAN,0.6563,0.035,0.3087,CLEAN,0.7457,0.062,0.1923,CLEAN
5,34,2026-06-06 09:22:44+00:00,30.360410263333332,119.97157713333333,27.360199413367233,2.0525458772531193,0.6326,0.0206,0.3468,CLEAN,0.653,0.0337,0.3133,CLEAN,0.7513,0.0574,0.1913,CLEAN
6,35,2026-06-06 09:22:45+00:00,30.360410188333333,119.97158634833333,28.2453324264136,2.0441969156230466,0.6353,0.0206,0.3441,CLEAN,0.655,0.0334,0.3116,CLEAN,0.7533,0.056,0.1907,CLEAN
7,36,2026-06-06 09:22:46+00:00,30.36041103,119.971594855,29.06242754191243,2.1378908204848757,0.6424,0.0212,0.3364,CLEAN,0.6635,0.0336,0.3029,CLEAN,0.7532,0.0562,0.1905,CLEAN
8,37,2026-06-06 09:22:47+00:00,30.360412138333334,119.97160380833333,29.92242655459532,2.2612699229617452,0.646,0.0209,0.3331,CLEAN,0.6683,0.0325,0.2992,CLEAN,0.7564,0.0539,0.1897,CLEAN
9,38,2026-06-06 09:22:48+00:00,30.360413883333333,119.97161208666667,30.717589453029667,2.4555224340452604,0.7206,0.0469,0.2324,CLEAN,0.7467,0.0527,0.2007,CLEAN,0.7363,0.0712,0.1925,CLEAN
10,39,2026-06-06 09:22:49+00:00,30.360415251666666,119.97162183166667,31.65363082150755,2.6078446043561203,0.7238,0.0506,0.2256,CLEAN,0.7463,0.0551,0.1985,CLEAN,0.7318,0.0751,0.1931,CLEAN
11,40,2026-06-06 09:22:50+00:00,30.360417995,119.97163088166667,32.52291500673512,2.913231074050775,0.7262,0.0523,0.2215,CLEAN,0.7472,0.0561,0.1967,CLEAN,0.7295,0.077,0.1935,CLEAN
12,41,2026-06-06 09:22:51+00:00,30.360420626666667,119.97163972,33.371867866547696,3.2061868672574088,0.724,0.0541,0.2219,CLEAN,0.7427,0.0569,0.2004,CLEAN,0.722,0.0784,0.1996,CLEAN
13,42,2026-06-06 09:22:52+00:00,30.360423428333334,119.971647695,34.13789453549482,3.5180669737754537,0.7163,0.056,0.2277,CLEAN,0.7326,0.0574,0.21,CLEAN,0.7114,0.0787,0.2099,CLEAN
14,43,2026-06-06 09:22:53+00:00,30.360427686666668,119.97165538666667,34.87670604884459,3.992102472504647,0.7244,0.0546,0.221,CLEAN,0.7416,0.057,0.2014,CLEAN,0.7178,0.0797,0.2025,CLEAN
15,44,2026-06-06 09:22:54+00:00,30.360432746666667,119.97166165833333,35.479121589747,4.555379095285023,0.7286,0.0535,0.2179,CLEAN,0.7468,0.0566,0.1967,CLEAN,0.7227,0.0797,0.1975,CLEAN
16,45,2026-06-06 09:22:55+00:00,30.36044035666667,119.97166686666667,35.97940023999005,5.402520420569024,0.7324,0.0527,0.215,CLEAN,0.7502,0.0552,0.1946,CLEAN,0.7258,0.0774,0.1968,CLEAN
17,46,2026-06-06 09:22:56+00:00,30.360449051666667,119.97167187333334,36.46030810176302,6.370443393034048,0.7332,0.0524,0.2144,CLEAN,0.7513,0.0548,0.1939,CLEAN,0.7261,0.077,0.1969,CLEAN
18,47,2026-06-06 09:22:57+00:00,30.360461386666667,119.97167300166667,36.56868847034422,7.743569311634362,0.732,0.0526,0.2155,CLEAN,0.7509,0.0553,0.1938,CLEAN,0.7252,0.0783,0.1965,CLEAN
19,48,2026-06-06 09:22:58+00:00,30.360469395,119.97167755,37.00557180931207,8.635052900364576,0.7349,0.0525,0.2127,CLEAN,0.7541,0.0549,0.191,CLEAN,0.7282,0.0772,0.1946,CLEAN
20,49,2026-06-06 09:22:59+00:00,30.360479265,119.97168069,37.30717980389766,9.7337762745332,0.736,0.0526,0.2114,CLEAN,0.7558,0.055,0.1891,CLEAN,0.7294,0.0774,0.1932,CLEAN
21,50,2026-06-06 09:23:00+00:00,30.360488581666665,119.971683295,37.557399174579274,10.770902864128592,0.7374,0.0527,0.2099,CLEAN,0.7576,0.0552,0.1872,CLEAN,0.7311,0.0773,0.1916,CLEAN
22,51,2026-06-06 09:23:01+00:00,30.360498568333334,119.97168647833334,37.86316948452072,11.882613511943996,0.7405,0.0527,0.2068,CLEAN,0.7605,0.0548,0.1847,CLEAN,0.7342,0.076,0.1897,CLEAN
23,52,2026-06-06 09:23:02+00:00,30.36050859,119.97168864666666,38.07144549251916,12.998220341995058,0.7431,0.0529,0.204,CLEAN,0.7629,0.0546,0.1824,CLEAN,0.7367,0.0753,0.188,CLEAN
24,53,2026-06-06 09:23:03+00:00,30.36050859,119.97168864666666,38.07144549251916,12.998220341995058,0.2232,0.0096,0.7673,DEGRADED,0.3702,0.0257,0.604,DEGRADED,0.5858,0.0782,0.3361,CLEAN
25,54,2026-06-06 09:23:04+00:00,30.36052797,119.97169403666666,38.5891738622305,15.155592073658218,0.5729,0.0301,0.3971,CLEAN,0.6247,0.0524,0.3229,CLEAN,0.684,0.0948,0.2212,CLEAN
26,55,2026-06-06 09:23:05+00:00,30.36053591,119.971698665,39.033741484537565,16.03946883053941,0.6545,0.0286,0.3169,CLEAN,0.6953,0.0441,0.2606,CLEAN,0.7222,0.0824,0.1954,CLEAN
27,56,2026-06-06 09:23:06+00:00,30.36054740166667,119.97170223666667,39.37681257333386,17.318715312363718,0.6763,0.0272,0.2965,CLEAN,0.7146,0.0399,0.2456,CLEAN,0.734,0.0751,0.1909,CLEAN
28,57,2026-06-06 09:23:07+00:00,30.360559341666665,119.97170509,39.65088522763771,18.64787003205429,0.6799,0.0264,0.2936,CLEAN,0.7174,0.0383,0.2443,CLEAN,0.7365,0.0722,0.1913,CLEAN
29,58,2026-06-06 09:23:08+00:00,30.360568715,119.97170779,39.91022967974382,19.691304725850777,0.6715,0.024,0.3045,CLEAN,0.7111,0.0364,0.2525,CLEAN,0.7381,0.0705,0.1914,CLEAN
30,59,2026-06-06 09:23:09+00:00,30.360577185,119.97171134333334,40.25153978821449,20.634180813425584,0.6646,0.0231,0.3122,CLEAN,0.7039,0.0367,0.2593,CLEAN,0.7384,0.0717,0.1899,CLEAN
31,60,2026-06-06 09:23:10+00:00,30.360586348333335,119.97171607666667,40.70619302644694,21.654238413808134,0.6496,0.0222,0.3282,CLEAN,0.6857,0.037,0.2774,CLEAN,0.7397,0.0714,0.189,CLEAN
32,61,2026-06-06 09:23:11+00:00,30.360596125,119.97172019,41.1012930938518,22.742571968917712,0.6315,0.0201,0.3484,CLEAN,0.663,0.0349,0.3021,CLEAN,0.7469,0.0658,0.1874,CLEAN
33,62,2026-06-06 09:23:12+00:00,30.360606701666665,119.97172417166666,41.48374611673685,23.919961116164295,0.6226,0.0192,0.3583,CLEAN,0.6512,0.0337,0.315,CLEAN,0.7505,0.0626,0.1869,CLEAN
34,63,2026-06-06 09:23:13+00:00,30.360615551666665,119.97172921333333,41.96801585048496,24.905138609756335,0.6087,0.0175,0.3738,CLEAN,0.6364,0.0319,0.3318,CLEAN,0.7547,0.0589,0.1865,CLEAN
35,64,2026-06-06 09:23:14+00:00,30.36062134333333,119.97173404333333,42.43195426126209,25.549863994240926,0.6003,0.0167,0.383,CLEAN,0.6262,0.0312,0.3426,CLEAN,0.7567,0.057,0.1863,CLEAN
36,65,2026-06-06 09:23:15+00:00,30.360626815,119.97173936666667,42.94327906437545,26.158967141445846,0.6003,0.0167,0.383,CLEAN,0.6251,0.0314,0.3435,CLEAN,0.7564,0.0574,0.1862,CLEAN
37,66,2026-06-06 09:23:16+00:00,30.360633313333334,119.97174510333333,43.49430598381791,26.882358299008395,0.5996,0.0166,0.3837,CLEAN,0.6244,0.0315,0.344,CLEAN,0.7543,0.0586,0.1871,CLEAN
38,67,2026-06-06 09:23:17+00:00,30.36064040833333,119.97174949333333,43.91598085211556,27.672170085783176,0.6034,0.0172,0.3793,CLEAN,0.6294,0.0324,0.3382,CLEAN,0.749,0.0619,0.1891,CLEAN
39,68,2026-06-06 09:23:18+00:00,30.360647288333332,119.97175435166666,44.38264077771923,28.438048182693368,0.5994,0.0171,0.3836,CLEAN,0.6256,0.0321,0.3423,CLEAN,0.7469,0.0623,0.1908,CLEAN
40,69,2026-06-06 09:23:19+00:00,30.360656505,119.97175527166667,44.47100999823773,29.464042823448665,0.5982,0.0169,0.3849,CLEAN,0.6247,0.0321,0.3431,CLEAN,0.7464,0.0622,0.1914,CLEAN
41,70,2026-06-06 09:23:20+00:00,30.360666313333333,119.97175529166667,44.47293106968354,30.5559014948412,0.5992,0.0169,0.3839,CLEAN,0.6251,0.0319,0.3429,CLEAN,0.7476,0.0611,0.1913,CLEAN
42,71,2026-06-06 09:23:21+00:00,30.360675755,119.97175454833334,44.401531300160876,31.606943020486714,0.5971,0.0166,0.3863,CLEAN,0.6214,0.0313,0.3473,CLEAN,0.7493,0.0585,0.1922,CLEAN
43,72,2026-06-06 09:23:22+00:00,30.360685676666666,119.97175307,44.259532209384325,32.71141790169768,0.5931,0.0164,0.3905,CLEAN,0.6159,0.0306,0.3535,CLEAN,0.7492,0.0562,0.1945,CLEAN
44,73,2026-06-06 09:23:23+00:00,30.36069508,119.971751365,44.0957609877754,33.758192180571065,0.5941,0.0167,0.3893,CLEAN,0.6161,0.0306,0.3534,CLEAN,0.7486,0.0554,0.1961,CLEAN
45,74,2026-06-06 09:23:24+00:00,30.36070336,119.97175095166666,44.056058873890336,34.67991756407508,0.5974,0.017,0.3856,CLEAN,0.6189,0.0306,0.3506,CLEAN,0.7493,0.0548,0.1959,CLEAN
46,75,2026-06-06 09:23:25+00:00,30.360711588333334,119.97175037333334,44.0005079346305,35.595891441244866,0.5973,0.0168,0.3859,CLEAN,0.618,0.0303,0.3517,CLEAN,0.7506,0.0539,0.1955,CLEAN
47,76,2026-06-06 09:23:26+00:00,30.360719556666666,119.97174967,43.9329503031114,36.48292224987255,0.5901,0.016,0.3939,CLEAN,0.61,0.0296,0.3604,CLEAN,0.7518,0.0523,0.196,CLEAN
48,77,2026-06-06 09:23:27+00:00,30.360727801666666,119.97174891666667,43.860590001531875,37.400751451140906,0.5784,0.0157,0.4059,CLEAN,0.5962,0.0294,0.3744,CLEAN,0.748,0.0512,0.2008,CLEAN
49,78,2026-06-06 09:23:28+00:00,30.36073551,119.97174825333333,43.79687451046036,38.25883919335083,0.5753,0.0175,0.4072,CLEAN,0.5886,0.0306,0.3808,CLEAN,0.7345,0.0522,0.2133,CLEAN
50,79,2026-06-06 09:23:29+00:00,30.360743661666667,119.97174753166667,43.72755590105965,39.16627857556014,0.5646,0.0179,0.4175,CLEAN,0.5711,0.0296,0.3993,CLEAN,0.7275,0.0491,0.2234,CLEAN
51,80,2026-06-06 09:23:30+00:00,30.360752323333333,119.97174745166667,43.7198716226085,40.1304908984118,0.5597,0.0181,0.4222,CLEAN,0.5622,0.0295,0.4083,CLEAN,0.7238,0.0489,0.2273,CLEAN
52,81,2026-06-06 09:23:31+00:00,30.360761611666668,119.9717469,43.666882107055024,41.164463435552584,0.5505,0.0172,0.4322,CLEAN,0.5497,0.0285,0.4218,CLEAN,0.7246,0.0474,0.228,CLEAN
53,82,2026-06-06 09:23:32+00:00,30.360770548333335,119.971747215,43.69713895971927,42.15928861842262,0.5404,0.0154,0.4442,CLEAN,0.5483,0.0283,0.4234,CLEAN,0.7393,0.047,0.2137,CLEAN
54,83,2026-06-06 09:23:33+00:00,30.36077908,119.97174879,43.84842322304049,43.10902940664917,0.6969,0.0501,0.253,CLEAN,0.7132,0.0469,0.2398,CLEAN,0.7067,0.0589,0.2344,CLEAN
55,84,2026-06-06 09:23:34+00:00,30.360787476666665,119.971753785,44.32821046163643,44.04374206450808,0.6894,0.0549,0.2557,CLEAN,0.7018,0.0511,0.2471,CLEAN,0.693,0.0659,0.2411,CLEAN
56,85,2026-06-06 09:23:35+00:00,30.36079568,119.97175785166667,44.7188280314451,44.956932953759726,0.6916,0.0558,0.2526,CLEAN,0.7026,0.0517,0.2457,CLEAN,0.6925,0.0668,0.2407,CLEAN
57,86,2026-06-06 09:23:36+00:00,30.360804351666665,119.97176280333333,45.19445295224115,45.922258471637015,0.6893,0.0575,0.2531,CLEAN,0.6999,0.0533,0.2468,CLEAN,0.689,0.0695,0.2415,CLEAN
58,87,2026-06-06 09:23:37+00:00,30.36081404833333,119.97176720666667,45.61740853483602,47.00168646724965,0.6845,0.059,0.2566,CLEAN,0.6954,0.0552,0.2494,CLEAN,0.684,0.0732,0.2428,CLEAN
59,88,2026-06-06 09:23:38+00:00,30.360823088333333,119.971769885,45.874671826820176,48.00801466420437,0.6751,0.06,0.265,CLEAN,0.688,0.0576,0.2544,CLEAN,0.6772,0.0784,0.2444,CLEAN
60,89,2026-06-06 09:23:39+00:00,30.360829765,119.97177409333334,46.27889697809357,48.75125779748167,0.6754,0.0598,0.2649,CLEAN,0.688,0.0578,0.2542,CLEAN,0.6773,0.0792,0.2435,CLEAN
61,90,2026-06-06 09:23:40+00:00,30.360835201666667,119.971777985,46.65270518558254,49.35646476245093,0.6713,0.0595,0.2691,CLEAN,0.6837,0.0583,0.258,CLEAN,0.6738,0.081,0.2452,CLEAN
62,91,2026-06-06 09:23:41+00:00,30.360841455,119.971781815,47.020590094946,50.052582645072,0.6647,0.0597,0.2755,CLEAN,0.6796,0.0602,0.2602,CLEAN,0.6707,0.0852,0.2442,CLEAN
63,92,2026-06-06 09:23:42+00:00,30.360849048333332,119.97178490333333,47.317235323462945,50.8978686448412,0.6716,0.0589,0.2696,CLEAN,0.6848,0.0594,0.2558,CLEAN,0.6755,0.0836,0.2408,CLEAN
64,93,2026-06-06 09:23:43+00:00,30.360856995,119.97178733333334,47.55064533182486,51.782487532211555,0.6869,0.0559,0.2572,CLEAN,0.7036,0.0594,0.2371,CLEAN,0.6862,0.0876,0.2261,CLEAN
65,94,2026-06-06 09:23:44+00:00,30.360864818333333,119.97178987,47.79430104478833,52.653377014737856,0.7007,0.0523,0.2471,CLEAN,0.7234,0.0582,0.2184,CLEAN,0.7013,0.0892,0.2095,CLEAN
66,95,2026-06-06 09:23:45+00:00,30.360874666666668,119.97178747833334,47.56457309064188,53.74968846694104,0.7066,0.0503,0.2431,CLEAN,0.7316,0.0558,0.2126,CLEAN,0.7094,0.0855,0.2052,CLEAN
67,96,2026-06-06 09:23:46+00:00,30.360883001666668,119.97178468166666,47.29594346354706,54.677536422731976,0.706,0.0492,0.2448,CLEAN,0.7338,0.0551,0.2112,CLEAN,0.71,0.0858,0.2042,CLEAN
68,97,2026-06-06 09:23:47+00:00,30.36088974666667,119.971784695,47.297224177844264,55.42838638856641,0.7055,0.0491,0.2454,CLEAN,0.7341,0.0553,0.2105,CLEAN,0.7082,0.088,0.2038,CLEAN
69,98,2026-06-06 09:23:48+00:00,30.360896856666667,119.97178594333333,47.41713096532421,56.21986796752558,0.7032,0.0496,0.2472,CLEAN,0.7348,0.0571,0.2082,CLEAN,0.7044,0.0932,0.2024,CLEAN
70,99,2026-06-06 09:23:49+00:00,30.360903753333332,119.97178763166667,47.57930129283962,56.98760138924246,0.7112,0.05,0.2388,CLEAN,0.7409,0.0564,0.2027,CLEAN,0.7093,0.0913,0.1994,CLEAN
71,100,2026-06-06 09:23:50+00:00,30.36090975,119.97179211833334,48.010261333681946,57.65514726927412,0.7141,0.0501,0.2358,CLEAN,0.742,0.0558,0.2022,CLEAN,0.7105,0.0898,0.1997,CLEAN
72,101,2026-06-06 09:23:51+00:00,30.360914823333335,119.97179955833333,48.72489938116913,58.219908152324706,0.7158,0.0504,0.2338,CLEAN,0.7417,0.0554,0.203,CLEAN,0.7111,0.0881,0.2008,CLEAN
73,102,2026-06-06 09:23:52+00:00,30.360920763333333,119.97180856666667,49.59018133727296,58.88114592744715,0.712,0.0502,0.2377,CLEAN,0.7391,0.0559,0.2049,CLEAN,0.7076,0.0904,0.202,CLEAN
74,103,2026-06-06 09:23:53+00:00,30.360927346666667,119.97181379833333,50.0927012363141,59.61399924166541,0.7111,0.0503,0.2386,CLEAN,0.7383,0.0564,0.2053,CLEAN,0.7058,0.0919,0.2022,CLEAN
75,104,2026-06-06 09:23:54+00:00,30.360934526666668,119.97181819,50.51453619573193,60.41327318580401,0.7134,0.0509,0.2357,CLEAN,0.7391,0.0565,0.2044,CLEAN,0.7067,0.0915,0.2018,CLEAN
76,105,2026-06-06 09:23:55+00:00,30.360940516666666,119.97182154833334,50.83711587043709,61.080076935346504,0.7155,0.0513,0.2333,CLEAN,0.7402,0.0566,0.2032,CLEAN,0.7077,0.0911,0.2012,CLEAN
77,106,2026-06-06 09:23:56+00:00,30.360945171666668,119.97182279333333,50.956702478120725,61.59826916560773,0.7136,0.0511,0.2353,CLEAN,0.7396,0.0576,0.2028,CLEAN,0.7044,0.094,0.2016,CLEAN
78,107,2026-06-06 09:23:57+00:00,30.360949203333334,119.971821165,50.8002953600547,62.04707224540818,0.7126,0.0511,0.2363,CLEAN,0.7396,0.0589,0.2015,CLEAN,0.6997,0.0983,0.202,CLEAN
79,108,2026-06-06 09:23:58+00:00,30.360954381666666,119.97181814666666,50.51037387548802,62.62352167516575,0.7172,0.052,0.2308,CLEAN,0.7409,0.0593,0.1998,CLEAN,0.6994,0.0992,0.2014,CLEAN
80,109,2026-06-06 09:23:59+00:00,30.360959998333332,119.97181502666666,50.21068695234823,63.24876614847205,0.7205,0.0523,0.2271,CLEAN,0.7426,0.0589,0.1985,CLEAN,0.7028,0.0966,0.2006,CLEAN
81,110,2026-06-06 09:24:00+00:00,30.360966205,119.97181206666667,49.92636859099882,63.93968912191765,0.7217,0.0524,0.2259,CLEAN,0.7429,0.0592,0.1979,CLEAN,0.7025,0.0968,0.2007,CLEAN
82,111,2026-06-06 09:24:01+00:00,30.360972156666666,119.97180987333333,49.71569124552613,64.6022256239799,0.7237,0.0525,0.2237,CLEAN,0.7432,0.0607,0.1961,CLEAN,0.6987,0.1004,0.2009,CLEAN
83,112,2026-06-06 09:24:02+00:00,30.360978008333333,119.97180632833333,49.37518158288022,65.25363017791018,0.7294,0.0538,0.2168,CLEAN,0.7436,0.0635,0.1929,CLEAN,0.6945,0.1063,0.1992,CLEAN
84,113,2026-06-06 09:24:03+00:00,30.360983883333333,119.97180262166667,49.01914327465585,65.90763218642817,0.7339,0.0564,0.2097,CLEAN,0.7357,0.0704,0.1939,CLEAN,0.6663,0.126,0.2077,CLEAN
85,114,2026-06-06 09:24:04+00:00,30.36099048166667,119.971798555,48.62852570240316,66.64215529353895,0.7335,0.0558,0.2107,CLEAN,0.7356,0.0707,0.1936,CLEAN,0.6624,0.1287,0.2089,CLEAN
86,115,2026-06-06 09:24:05+00:00,30.360995648333333,119.97179530166666,48.31603164606742,67.21730599564857,0.7352,0.0555,0.2093,CLEAN,0.736,0.0713,0.1927,CLEAN,0.6532,0.1324,0.2144,CLEAN
87,116,2026-06-06 09:24:06+00:00,30.361002038333332,119.97179173,47.97296055971515,67.92863754125958,0.7378,0.0558,0.2064,CLEAN,0.7379,0.071,0.1911,CLEAN,0.658,0.1295,0.2124,CLEAN
88,117,2026-06-06 09:24:07+00:00,30.361009251666665,119.97178745,47.56185157337132,68.73162213501155,0.7395,0.0556,0.2049,CLEAN,0.7398,0.0702,0.19,CLEAN,0.6634,0.1266,0.2101,CLEAN
89,118,2026-06-06 09:24:08+00:00,30.361015601666665,119.97178629666666,47.451069869759905,69.43850090193624,0.7403,0.0553,0.2044,CLEAN,0.741,0.0696,0.1895,CLEAN,0.6678,0.1242,0.208,CLEAN
90,119,2026-06-06 09:24:09+00:00,30.361022235,119.97178772333334,47.58810619691183,70.17692019057453,0.7398,0.0546,0.2056,CLEAN,0.7399,0.07,0.19,CLEAN,0.6547,0.129,0.2163,CLEAN
91,120,2026-06-06 09:24:10+00:00,30.361029573333333,119.971788175,47.63149036256834,70.99381972037664,0.7398,0.0551,0.2051,CLEAN,0.74,0.0706,0.1894,CLEAN,0.656,0.1293,0.2148,CLEAN
92,121,2026-06-06 09:24:11+00:00,30.361037516666666,119.97178859,47.67135256512956,71.87806754250241,0.7389,0.0554,0.2057,CLEAN,0.7396,0.0714,0.189,CLEAN,0.6579,0.1309,0.2111,CLEAN
93,122,2026-06-06 09:24:12+00:00,30.361046065,119.97178861333333,47.67359381392765,72.82966365624375,0.7393,0.0555,0.2052,CLEAN,0.7403,0.071,0.1887,CLEAN,0.6636,0.1284,0.2079,CLEAN
94,123,2026-06-06 09:24:13+00:00,30.361054163333332,119.971787415,47.558489701396184,73.73116599949654,0.7388,0.0554,0.2058,CLEAN,0.7399,0.0711,0.189,CLEAN,0.6626,0.1294,0.208,CLEAN
95,124,2026-06-06 09:24:14+00:00,30.361063281666667,119.971789755,47.78325489436203,74.7462142226178,0.7387,0.0551,0.2061,CLEAN,0.7394,0.0715,0.1892,CLEAN,0.6566,0.1319,0.2115,CLEAN
96,125,2026-06-06 09:24:15+00:00,30.36107234,119.971791905,47.98976992203484,75.75458327700149,0.7406,0.0555,0.2039,CLEAN,0.7408,0.0707,0.1884,CLEAN,0.6626,0.127,0.2104,CLEAN
97,126,2026-06-06 09:24:16+00:00,30.36108262833333,119.971792955,48.09062609595297,76.89987530466759,0.7409,0.0554,0.2037,CLEAN,0.7416,0.07,0.1884,CLEAN,0.6673,0.124,0.2087,CLEAN
98,127,2026-06-06 09:24:17+00:00,30.361092751666668,119.97179227166667,48.02498953832371,78.02679961688916,0.7406,0.0557,0.2036,CLEAN,0.742,0.0695,0.1885,CLEAN,0.6747,0.1208,0.2045,CLEAN
99,128,2026-06-06 09:24:18+00:00,30.361101576666666,119.971791185,47.92061139886624,79.00919412256306,0.7383,0.056,0.2058,CLEAN,0.7395,0.0711,0.1894,CLEAN,0.6709,0.126,0.2031,CLEAN
100,129,2026-06-06 09:24:19+00:00,30.361110606666667,119.97179181666667,47.9812851953149,80.01440912449215,0.7382,0.0561,0.2057,CLEAN,0.7379,0.0727,0.1894,CLEAN,0.661,0.1325,0.2065,CLEAN
101,130,2026-06-06 09:24:20+00:00,30.361119335,119.9717914,47.94126290163353,80.98604274727866,0.7384,0.0562,0.2054,CLEAN,0.7369,0.0737,0.1895,CLEAN,0.6533,0.1362,0.2105,CLEAN
102,131,2026-06-06 09:24:21+00:00,30.361128896666667,119.971790395,47.84472913419141,82.05044261110741,0.7394,0.0565,0.2041,CLEAN,0.7355,0.0745,0.19,CLEAN,0.6408,0.1392,0.22,CLEAN
103,132,2026-06-06 09:24:22+00:00,30.361137183333334,119.97178984333334,47.791739621081966,82.9729101251006,0.7409,0.0574,0.2017,CLEAN,0.7361,0.0751,0.1888,CLEAN,0.6447,0.1385,0.2168,CLEAN
104,133,2026-06-06 09:24:23+00:00,30.361143828333333,119.97179121166667,47.92317282746066,83.71262814138682,0.7423,0.0577,0.2,CLEAN,0.7371,0.0752,0.1878,CLEAN,0.648,0.1378,0.2142,CLEAN
105,134,2026-06-06 09:24:24+00:00,30.361150905,119.97179427666667,48.2175768071795,84.50039907073263,0.7437,0.0577,0.1986,CLEAN,0.7382,0.0743,0.1874,CLEAN,0.655,0.1335,0.2115,CLEAN
106,135,2026-06-06 09:24:25+00:00,30.36115798333333,119.97179599166667,48.38230856084529,85.28835553340883,0.7442,0.0575,0.1984,CLEAN,0.7382,0.074,0.1878,CLEAN,0.6542,0.133,0.2128,CLEAN
107,136,2026-06-06 09:24:26+00:00,30.36116181,119.97179811166667,48.58594198501542,85.71433811837034,0.7444,0.0578,0.1978,CLEAN,0.7383,0.0743,0.1874,CLEAN,0.6586,0.1326,0.2088,CLEAN
108,137,2026-06-06 09:24:27+00:00,30.361165968333335,119.97180074666667,48.8390429591997,86.17724166755131,0.7407,0.0574,0.2019,CLEAN,0.7331,0.0763,0.1906,CLEAN,0.639,0.142,0.2189,CLEAN
109,138,2026-06-06 09:24:28+00:00,30.361171293333335,119.97180030833333,48.79693950784039,86.77001795603256,0.7388,0.0583,0.2029,CLEAN,0.7299,0.0778,0.1923,CLEAN,0.6303,0.1446,0.2251,CLEAN
110,139,2026-06-06 09:24:29+00:00,30.36117918,119.971799175,48.688078873230765,87.64795767324912,0.7376,0.059,0.2034,CLEAN,0.7266,0.0789,0.1945,CLEAN,0.6191,0.1455,0.2354,CLEAN
111,140,2026-06-06 09:24:30+00:00,30.36118765166667,119.97179717833333,48.49629205019972,88.5910192927381,0.7371,0.0599,0.203,CLEAN,0.7245,0.0797,0.1957,CLEAN,0.6125,0.1451,0.2424,CLEAN
112,141,2026-06-06 09:24:31+00:00,30.361197063333332,119.97179543833333,48.329158956615665,89.63872123330671,0.7391,0.0604,0.2005,CLEAN,0.7275,0.0795,0.193,CLEAN,0.6219,0.1434,0.2347,CLEAN
113,142,2026-06-06 09:24:32+00:00,30.361208228333332,119.97179738,48.51566283866979,90.8816033480703,0.738,0.0604,0.2017,CLEAN,0.7246,0.0798,0.1956,CLEAN,0.6136,0.1434,0.243,CLEAN
114,143,2026-06-06 09:24:33+00:00,30.36122004,119.97180143166666,48.9048396055051,92.19647206717428,0.7343,0.0611,0.2045,CLEAN,0.7163,0.081,0.2027,CLEAN,0.5937,0.1418,0.2645,CLEAN
115,144,2026-06-06 09:24:34+00:00,30.36123185,119.97180492666666,49.24054659320254,93.51115525365597,0.7372,0.0613,0.2015,CLEAN,0.7253,0.0796,0.1952,CLEAN,0.6257,0.1385,0.2358,CLEAN
116,145,2026-06-06 09:24:35+00:00,30.361242796666666,119.97180632,49.37438113705547,94.72973261260228,0.74,0.06,0.1999,CLEAN,0.7314,0.0772,0.1915,CLEAN,0.6449,0.134,0.2211,CLEAN
117,146,2026-06-06 09:24:36+00:00,30.36125281,119.97180642166667,49.38414657807261,95.84441178025,0.7359,0.0587,0.2054,CLEAN,0.7266,0.077,0.1964,CLEAN,0.6319,0.1362,0.2319,CLEAN
118,147,2026-06-06 09:24:37+00:00,30.36126269,119.97180748833334,49.48660364608426,96.94424834944425,0.7339,0.059,0.2071,CLEAN,0.7236,0.0778,0.1987,CLEAN,0.6264,0.1372,0.2363,CLEAN
119,148,2026-06-06 09:24:38+00:00,30.361272231666668,119.97180605166666,49.34860678198742,98.00642182392987,0.7281,0.0598,0.2121,CLEAN,0.7121,0.0796,0.2083,CLEAN,0.5968,0.1373,0.2659,CLEAN
120,149,2026-06-06 09:24:39+00:00,30.361281248333334,119.97180153333333,48.91460504652224,99.01015256629685,0.7288,0.0609,0.2103,CLEAN,0.7162,0.0797,0.2041,CLEAN,0.6086,0.1369,0.2545,CLEAN
121,150,2026-06-06 09:24:40+00:00,30.361289906666666,119.97179821833333,48.59618768961696,99.97399382390392,0.7274,0.0609,0.2117,CLEAN,0.7143,0.0795,0.2062,CLEAN,0.6026,0.1352,0.2621,CLEAN
122,151,2026-06-06 09:24:41+00:00,30.361299173333332,119.971795445,48.32979931376427,101.00555443837115,0.7269,0.0614,0.2118,CLEAN,0.7127,0.0797,0.2076,CLEAN,0.5977,0.1345,0.2679,CLEAN
123,152,2026-06-06 09:24:42+00:00,30.36130929833333,119.97179196666667,47.995693220160355,102.1326642825069,0.7251,0.0626,0.2123,CLEAN,0.7052,0.081,0.2138,CLEAN,0.5768,0.1322,0.2909,CLEAN
124,153,2026-06-06 09:24:43+00:00,30.361319376666668,119.97178883333333,47.694725582723365,103.25457921746717,0.7238,0.0631,0.2131,CLEAN,0.7077,0.0807,0.2116,CLEAN,0.5884,0.1316,0.28,CLEAN
125,154,2026-06-06 09:24:44+00:00,30.361328375,119.971786705,47.49029171517251,104.25626910240518,0.7236,0.0633,0.2131,CLEAN,0.7039,0.0807,0.2154,CLEAN,0.5724,0.1292,0.2984,CLEAN
126,155,2026-06-06 09:24:45+00:00,30.36133565,119.97178397,47.22758539109127,105.066118397517,0.7198,0.066,0.2142,CLEAN,0.6949,0.0836,0.2215,CLEAN,0.5532,0.1297,0.3171,CLEAN
127,156,2026-06-06 09:24:46+00:00,30.361343786666666,119.97178265333334,47.10111494589317,105.97188798754192,0.7203,0.0667,0.213,CLEAN,0.6931,0.0841,0.2228,CLEAN,0.5477,0.1281,0.3242,CLEAN
128,157,2026-06-06 09:24:47+00:00,30.361352763333333,119.97178248,47.084465674693654,106.97116594980638,0.7197,0.0657,0.2146,CLEAN,0.6996,0.0823,0.2181,CLEAN,0.5734,0.1276,0.2989,CLEAN
129,158,2026-06-06 09:24:48+00:00,30.361362398333334,119.97178151833333,46.99209422260739,108.04372924405915,0.722,0.0634,0.2146,CLEAN,0.7065,0.0795,0.214,CLEAN,0.5907,0.1256,0.2837,CLEAN
130,159,2026-06-06 09:24:49+00:00,30.361370603333334,119.97177769833333,46.62516984774483,108.9571056659331,0.725,0.0611,0.2139,CLEAN,0.7139,0.0768,0.2092,CLEAN,0.6083,0.1237,0.268,CLEAN
131,160,2026-06-06 09:24:50+00:00,30.361380115,119.971780795,46.92261552453054,110.01593955604991,0.7248,0.0604,0.2148,CLEAN,0.7111,0.0766,0.2123,CLEAN,0.5967,0.1237,0.2797,CLEAN
132,161,2026-06-06 09:24:51+00:00,30.361390935,119.97178584333334,47.40752561542725,111.22041644632381,0.7242,0.0606,0.2152,CLEAN,0.7107,0.077,0.2124,CLEAN,0.5954,0.1241,0.2805,CLEAN
133,162,2026-06-06 09:24:52+00:00,30.361401036666667,119.971791025,47.90524283951991,112.34492883587183,0.7236,0.0614,0.2149,CLEAN,0.7066,0.0779,0.2155,CLEAN,0.5796,0.1233,0.2971,CLEAN
134,163,2026-06-06 09:24:53+00:00,30.361411151666665,119.971795965,48.3797471346949,113.47092548498193,0.7242,0.062,0.2138,CLEAN,0.7092,0.0779,0.2128,CLEAN,0.5868,0.1236,0.2897,CLEAN
135,164,2026-06-06 09:24:54+00:00,30.361421506666666,119.971798335,48.60739393360745,114.62363881187476,0.7255,0.0618,0.2126,CLEAN,0.7112,0.0775,0.2113,CLEAN,0.5916,0.1233,0.2851,CLEAN
136,165,2026-06-06 09:24:55+00:00,30.361431575,119.97179966,48.73466482218626,115.74444055251752,0.7282,0.0607,0.2112,CLEAN,0.7175,0.076,0.2065,CLEAN,0.61,0.1227,0.2673,CLEAN
137,166,2026-06-06 09:24:56+00:00,30.36144051,119.97179969333334,48.73786660548525,116.73908020276527,0.7287,0.0599,0.2114,CLEAN,0.7178,0.0755,0.2066,CLEAN,0.6133,0.1224,0.2643,CLEAN
138,167,2026-06-06 09:24:57+00:00,30.361449606666667,119.971797635,48.54015648188466,117.75171650392109,0.7291,0.0591,0.2118,CLEAN,0.7199,0.0748,0.2053,CLEAN,0.6212,0.1219,0.2569,CLEAN
139,168,2026-06-06 09:24:58+00:00,30.361459053333334,119.97179583166667,48.366940001498946,118.80331462672535,0.7287,0.0585,0.2128,CLEAN,0.7198,0.0745,0.2056,CLEAN,0.6207,0.1221,0.2571,CLEAN
140,169,2026-06-06 09:24:59+00:00,30.361468848333335,119.97179439333334,48.22878304872596,119.8936890392639,0.7295,0.0578,0.2127,CLEAN,0.7228,0.0737,0.2035,CLEAN,0.6274,0.1215,0.2511,CLEAN
141,170,2026-06-06 09:25:00+00:00,30.361478185,119.97179362333333,48.15482185305291,120.93304201820246,0.7318,0.0568,0.2114,CLEAN,0.7283,0.072,0.1997,CLEAN,0.6391,0.1195,0.2413,CLEAN
142,171,2026-06-06 09:25:01+00:00,30.361486708333334,119.97179200666666,47.999535358163925,121.88185514473378,0.7308,0.0558,0.2134,CLEAN,0.7262,0.0716,0.2022,CLEAN,0.6261,0.1207,0.2533,CLEAN
143,172,2026-06-06 09:25:02+00:00,30.361494925,119.97179035833334,47.84120717354014,122.79653029354752,0.7315,0.0562,0.2123,CLEAN,0.7284,0.0716,0.2,CLEAN,0.6286,0.1206,0.2507,CLEAN
144,173,2026-06-06 09:25:03+00:00,30.361503271666667,119.97178938333333,47.747555009600696,123.72567697698638,0.7325,0.056,0.2115,CLEAN,0.7294,0.0715,0.1991,CLEAN,0.6261,0.1206,0.2533,CLEAN
145,174,2026-06-06 09:25:04+00:00,30.361511365,119.97178854333333,47.66687006753336,124.6266227223723,0.7338,0.0567,0.2095,CLEAN,0.7282,0.0722,0.1996,CLEAN,0.6217,0.1204,0.2578,CLEAN
146,175,2026-06-06 09:25:05+00:00,30.361519388333335,119.97178763833334,47.57994164998822,125.51977610399501,0.7352,0.0575,0.2074,CLEAN,0.7278,0.0731,0.1991,CLEAN,0.624,0.1204,0.2556,CLEAN
147,176,2026-06-06 09:25:06+00:00,30.361527518333332,119.971786465,47.46723887493099,126.42480356353077,0.7359,0.0571,0.207,CLEAN,0.7291,0.0727,0.1982,CLEAN,0.628,0.1197,0.2523,CLEAN
148,177,2026-06-06 09:25:07+00:00,30.361535063333335,119.97178448333334,47.2768928548733,127.26470912221033,0.7358,0.0568,0.2074,CLEAN,0.7281,0.0726,0.1993,CLEAN,0.6248,0.1193,0.2559,CLEAN
149,178,2026-06-06 09:25:08+00:00,30.361542848333333,119.97178117666667,46.95927594379276,128.13133135725639,0.7364,0.0567,0.2069,CLEAN,0.7296,0.0724,0.198,CLEAN,0.6288,0.119,0.2522,CLEAN
150,179,2026-06-06 09:25:09+00:00,30.36155056,119.97177974166667,46.821439168372066,128.98979016400278,0.7375,0.0565,0.2059,CLEAN,0.7289,0.0726,0.1985,CLEAN,0.625,0.1189,0.2561,CLEAN
151,180,2026-06-06 09:25:10+00:00,30.361558386666665,119.97177908666667,46.75852412801336,129.86105071177366,0.74,0.0563,0.2037,CLEAN,0.7301,0.0724,0.1974,CLEAN,0.6232,0.1188,0.2579,CLEAN
152,181,2026-06-06 09:25:11+00:00,30.361566713333332,119.971778615,46.71321889335506,130.78797100516127,0.7406,0.0561,0.2032,CLEAN,0.7292,0.0725,0.1983,CLEAN,0.6171,0.1182,0.2647,CLEAN
153,182,2026-06-06 09:25:12+00:00,30.361576786666667,119.97177872333333,46.723624686632746,131.90932934296276,0.7386,0.0573,0.204,CLEAN,0.7238,0.0738,0.2024,CLEAN,0.6,0.1183,0.2817,CLEAN
154,183,2026-06-06 09:25:13+00:00,30.36158532,119.971778205,46.673836956822285,132.8592556638116,0.7409,0.0573,0.2018,CLEAN,0.7257,0.0732,0.2011,CLEAN,0.601,0.1161,0.283,CLEAN
155,184,2026-06-06 09:25:14+00:00,30.361593885,119.97177763333333,46.61892637226702,133.81270710306777,0.7415,0.0569,0.2016,CLEAN,0.7287,0.0726,0.1987,CLEAN,0.6088,0.1154,0.2759,CLEAN
156,185,2026-06-06 09:25:15+00:00,30.361603766666665,119.97177641833333,46.50222136808606,134.91272920417617,0.7397,0.0574,0.2029,CLEAN,0.733,0.0726,0.1944,CLEAN,0.6308,0.1166,0.2526,CLEAN
157,186,2026-06-06 09:25:16+00:00,30.361612668333333,119.9717727,46.145062434240636,135.90365820481057,0.7382,0.0573,0.2044,CLEAN,0.7367,0.0715,0.1918,CLEAN,0.6531,0.1142,0.2327,CLEAN
158,187,2026-06-06 09:25:17+00:00,30.361619011666665,119.97177236833333,46.11320468992689,136.6097948412461,0.7355,0.0565,0.208,CLEAN,0.7339,0.0715,0.1946,CLEAN,0.6489,0.1162,0.2348,CLEAN
159,188,2026-06-06 09:25:18+00:00,30.361622726666667,119.97177589666667,46.45211345847928,137.02334674971956,0.7342,0.0561,0.2097,CLEAN,0.7309,0.0723,0.1968,CLEAN,0.6394,0.1192,0.2414,CLEAN
160,189,2026-06-06 09:25:19+00:00,30.361628185,119.97177953,46.801107845401106,137.6309656373624,0.7335,0.0567,0.2098,CLEAN,0.7295,0.0732,0.1973,CLEAN,0.6379,0.1206,0.2415,CLEAN
161,190,2026-06-06 09:25:20+00:00,30.361635146666668,119.97178214833333,47.05260792793589,138.40593482568372,0.7354,0.0564,0.2082,CLEAN,0.732,0.0729,0.1951,CLEAN,0.6398,0.1211,0.2391,CLEAN
162,191,2026-06-06 09:25:21+00:00,30.361642588333332,119.97178607666666,47.42993809852017,139.23433736886236,0.7362,0.0562,0.2076,CLEAN,0.7333,0.0726,0.1941,CLEAN,0.6408,0.1212,0.238,CLEAN
163,192,2026-06-06 09:25:22+00:00,30.361651573333333,119.97179032166666,47.83768521044484,140.23454299423827,0.7368,0.0554,0.2078,CLEAN,0.7325,0.0723,0.1952,CLEAN,0.6317,0.122,0.2463,CLEAN
164,193,2026-06-06 09:25:23+00:00,30.361659896666666,119.97179432,48.221739124979386,141.16109222238128,0.7367,0.0557,0.2076,CLEAN,0.7321,0.0726,0.1954,CLEAN,0.6306,0.122,0.2474,CLEAN
165,194,2026-06-06 09:25:24+00:00,30.361669225,119.97179841833334,48.61539839185492,142.1995175389165,0.736,0.0558,0.2081,CLEAN,0.7316,0.0726,0.1958,CLEAN,0.6304,0.1215,0.2482,CLEAN
166,195,2026-06-06 09:25:25+00:00,30.361679598333332,119.97180056833334,48.8219134170837,143.3542717232383,0.7355,0.056,0.2085,CLEAN,0.7304,0.0726,0.197,CLEAN,0.6292,0.1209,0.2499,CLEAN
167,196,2026-06-06 09:25:26+00:00,30.361688498333333,119.97180242333333,49.00009266109404,144.3450151919585,0.7358,0.0555,0.2087,CLEAN,0.7295,0.0722,0.1983,CLEAN,0.6244,0.1201,0.2555,CLEAN
168,197,2026-06-06 09:25:27+00:00,30.36169702833333,119.97180454333333,49.20372608526417,145.29457044827086,0.7367,0.0558,0.2075,CLEAN,0.7317,0.0722,0.1962,CLEAN,0.6319,0.12,0.2482,CLEAN
169,198,2026-06-06 09:25:28+00:00,30.361704923333335,119.97180519,49.26584068224215,146.17343782789078,0.7372,0.0557,0.2071,CLEAN,0.7357,0.0711,0.1931,CLEAN,0.6481,0.1174,0.2345,CLEAN
170,199,2026-06-06 09:25:29+00:00,30.36171205833333,119.97180615166667,49.358212131884386,146.96770239476808,0.7366,0.055,0.2083,CLEAN,0.7352,0.0706,0.1942,CLEAN,0.6472,0.1174,0.2353,CLEAN
171,200,2026-06-06 09:25:30+00:00,30.361719418333333,119.97180850666666,49.58441812537956,147.78701384724374,0.7356,0.0549,0.2095,CLEAN,0.7314,0.0713,0.1973,CLEAN,0.6386,0.1188,0.2426,CLEAN
172,201,2026-06-06 09:25:31+00:00,30.361726423333334,119.97180844,49.57801456122561,148.56680688020404,0.7364,0.0551,0.2084,CLEAN,0.7321,0.0717,0.1962,CLEAN,0.6395,0.1196,0.2409,CLEAN
173,202,2026-06-06 09:25:32+00:00,30.361736821666668,119.97180665333333,49.406398972489384,149.72434405173587,0.7371,0.055,0.2079,CLEAN,0.7312,0.072,0.1968,CLEAN,0.6347,0.1206,0.2447,CLEAN
174,203,2026-06-06 09:25:33+00:00,30.36174694,119.97180344666667,49.09838741130581,150.85071176609057,0.7379,0.0554,0.2067,CLEAN,0.7337,0.0718,0.1945,CLEAN,0.6431,0.1196,0.2373,CLEAN
175,204,2026-06-06 09:25:34+00:00,30.3617586,119.9718025,49.00745676463693,152.148697028604,0.7383,0.0558,0.2058,CLEAN,0.7379,0.0701,0.192,CLEAN,0.6638,0.1134,0.2228,CLEAN
176,205,2026-06-06 09:25:35+00:00,30.361773251666666,119.971802645,49.02138452100992,153.77971310099815,0.7363,0.0552,0.2085,CLEAN,0.7365,0.0695,0.194,CLEAN,0.6629,0.1133,0.2239,CLEAN
177,206,2026-06-06 09:25:36+00:00,30.361787255,119.971804235,49.1741095873045,155.33855703713772,0.7345,0.0549,0.2106,CLEAN,0.7347,0.0695,0.1957,CLEAN,0.6609,0.114,0.2251,CLEAN
178,207,2026-06-06 09:25:37+00:00,30.36180063,119.97180380666667,49.132966672890106,156.827455227074,0.7351,0.055,0.2099,CLEAN,0.7357,0.0693,0.1949,CLEAN,0.6647,0.1132,0.2221,CLEAN
179,208,2026-06-06 09:25:38+00:00,30.36181399,119.97179760833333,48.53759505573428,158.31468362411778,0.7354,0.0557,0.2089,CLEAN,0.7373,0.0682,0.1945,CLEAN,0.6757,0.1082,0.2161,CLEAN
180,209,2026-06-06 09:25:39+00:00,30.36182589,119.97179163666667,47.963995564522754,159.6393855644139,0.7347,0.0553,0.21,CLEAN,0.7373,0.0677,0.195,CLEAN,0.6762,0.1077,0.2161,CLEAN
181,210,2026-06-06 09:25:40+00:00,30.36183638,119.971789555,47.764044192124075,160.8071270223825,0.7341,0.0557,0.2102,CLEAN,0.7385,0.0663,0.1952,CLEAN,0.6854,0.1028,0.2118,CLEAN
182,211,2026-06-06 09:25:41+00:00,30.361845498333334,119.97178994333333,47.8013449685349,161.82217524621188,0.7325,0.0531,0.2144,CLEAN,0.7367,0.0667,0.1966,CLEAN,0.6648,0.111,0.2242,CLEAN
183,212,2026-06-06 09:25:42+00:00,30.361853218333334,119.97179252166667,48.04900291306612,162.68156171536162,0.7332,0.0524,0.2145,CLEAN,0.7366,0.0677,0.1956,CLEAN,0.6491,0.1168,0.2341,CLEAN
184,213,2026-06-06 09:25:43+00:00,30.361853218333334,119.97179252166667,48.04900291306612,162.68156171536162,0.215,0.0134,0.7717,DEGRADED,0.3592,0.0329,0.6079,DEGRADED,0.4991,0.096,0.4049,CLEAN
185,214,2026-06-06 09:25:44+00:00,30.361897095,119.97163945833333,33.346733866184216,167.56588990637752,0.5737,0.0417,0.3846,CLEAN,0.6144,0.0717,0.3139,CLEAN,0.6203,0.1333,0.2465,CLEAN
186,215,2026-06-06 09:25:45+00:00,30.361910366666667,119.97165887333334,35.21161258827325,169.04328508152102,0.6596,0.0414,0.299,CLEAN,0.6833,0.0672,0.2495,CLEAN,0.655,0.1308,0.2142,CLEAN
187,216,2026-06-06 09:25:46+00:00,30.36192185333333,119.97167358,36.624239412048084,170.32197496547846,0.688,0.04,0.272,CLEAN,0.7072,0.0635,0.2293,CLEAN,0.6729,0.1259,0.2011,CLEAN
188,217,2026-06-06 09:25:47+00:00,30.361920413333333,119.97170803,39.93328252242937,170.1616748987821,0.703,0.0368,0.2602,CLEAN,0.7238,0.0575,0.2187,CLEAN,0.693,0.115,0.192,CLEAN
189,218,2026-06-06 09:25:48+00:00,30.3619196,119.97173317833334,42.348867984164535,170.07113504637488,0.7013,0.0338,0.2649,CLEAN,0.725,0.0546,0.2205,CLEAN,0.6964,0.1105,0.1931,CLEAN
190,219,2026-06-06 09:25:49+00:00,30.361926126666667,119.97173498333333,42.5222445532264,170.79768025639203,0.6951,0.032,0.2729,CLEAN,0.7199,0.0538,0.2263,CLEAN,0.6932,0.1106,0.1962,CLEAN
191,220,2026-06-06 09:25:50+00:00,30.361933316666665,119.97173711833334,42.72731877792586,171.59806739484816,0.695,0.0313,0.2737,CLEAN,0.7194,0.0536,0.2271,CLEAN,0.6937,0.1112,0.1951,CLEAN
192,221,2026-06-06 09:25:51+00:00,30.361939465,119.97174478166667,43.46340877400506,172.28249673076223,0.6975,0.0302,0.2722,CLEAN,0.7219,0.0523,0.2258,CLEAN,0.6984,0.1098,0.1918,CLEAN
193,222,2026-06-06 09:25:52+00:00,30.361948163333334,119.97174376666666,43.36591446961803,173.25079076847186,0.6943,0.0304,0.2753,CLEAN,0.7152,0.0545,0.2304,CLEAN,0.6885,0.1147,0.1968,CLEAN
194,223,2026-06-06 09:25:53+00:00,30.361957311666668,119.97174476333333,43.46164779367942,174.26917857667001,0.6967,0.0285,0.2748,CLEAN,0.7213,0.05,0.2288,CLEAN,0.706,0.1049,0.1891,CLEAN
195,224,2026-06-06 09:25:54+00:00,30.361963613333334,119.97174810166666,43.78230639693877,174.97067690108884,0.6925,0.028,0.2795,CLEAN,0.7177,0.0496,0.2328,CLEAN,0.7047,0.1038,0.1916,CLEAN
196,225,2026-06-06 09:25:55+00:00,30.361966193333334,119.97175277666666,44.23135651439801,175.25788118725313,0.6925,0.0274,0.2802,CLEAN,0.7181,0.0486,0.2333,CLEAN,0.7077,0.102,0.1903,CLEAN
197,226,2026-06-06 09:25:56+00:00,30.361975748333332,119.971757995,44.732595701585964,176.32153892200895,0.6939,0.026,0.2801,CLEAN,0.7221,0.0463,0.2316,CLEAN,0.7171,0.0981,0.1848,CLEAN
198,227,2026-06-06 09:25:57+00:00,30.36198929,119.97176371666667,45.28218181561105,177.82899036001206,0.6954,0.0249,0.2797,CLEAN,0.7251,0.045,0.2298,CLEAN,0.7244,0.0962,0.1793,CLEAN
199,228,2026-06-06 09:25:58+00:00,30.362004915,119.97176872,45.76276950003173,179.5683574038073,0.6963,0.0239,0.2798,CLEAN,0.7265,0.0442,0.2292,CLEAN,0.7307,0.0946,0.1747,CLEAN
200,229,2026-06-06 09:25:59+00:00,30.362016765,119.97176707833333,45.60508166766849,180.88749336968343,0.6954,0.0245,0.2802,CLEAN,0.7252,0.0461,0.2287,CLEAN,0.7253,0.0988,0.176,CLEAN
201,230,2026-06-06 09:26:00+00:00,30.362027038333334,119.97176481,45.387200309773085,182.03111560516513,0.6958,0.0242,0.2799,CLEAN,0.726,0.0455,0.2285,CLEAN,0.7297,0.0966,0.1737,CLEAN
202,231,2026-06-06 09:26:01+00:00,30.362039336666665,119.971767325,45.62877486505862,183.40015980890752,0.6943,0.0241,0.2816,CLEAN,0.7249,0.0453,0.2298,CLEAN,0.7299,0.0961,0.174,CLEAN
203,232,2026-06-06 09:26:02+00:00,30.36204934,119.97177336666667,46.2090981002204,184.5137257815296,0.692,0.0245,0.2836,CLEAN,0.722,0.0462,0.2318,CLEAN,0.7255,0.0978,0.1767,CLEAN
204,233,2026-06-06 09:26:03+00:00,30.362051898333334,119.97178397833333,47.22838583691602,184.79851814572845,0.693,0.0238,0.2832,CLEAN,0.723,0.0447,0.2322,CLEAN,0.7324,0.0939,0.1737,CLEAN
205,234,2026-06-06 09:26:04+00:00,30.362050941666666,119.97179227166667,48.02498953832371,184.69202249984212,0.6933,0.0233,0.2834,CLEAN,0.7238,0.0439,0.2323,CLEAN,0.7358,0.0921,0.1721,CLEAN
206,235,2026-06-06 09:26:05+00:00,30.362054971666666,119.97179677,48.45707020234308,185.1406400477284,0.6941,0.0232,0.2827,CLEAN,0.7247,0.0437,0.2317,CLEAN,0.7383,0.0911,0.1706,CLEAN
207,236,2026-06-06 09:26:06+00:00,30.36206102,119.971795855,48.369181250297046,185.81393743409427,0.6953,0.0231,0.2815,CLEAN,0.7255,0.044,0.2305,CLEAN,0.74,0.0912,0.1688,CLEAN
208,237,2026-06-06 09:26:07+00:00,30.362069013333333,119.97179071333333,47.87530616420795,186.7037512306401,0.6961,0.0231,0.2808,CLEAN,0.7246,0.0441,0.2314,CLEAN,0.7428,0.0901,0.1671,CLEAN
209,238,2026-06-06 09:26:08+00:00,30.36207662,119.971785175,47.34332985832731,187.55052149067953,0.698,0.0226,0.2793,CLEAN,0.7232,0.0429,0.2339,CLEAN,0.7504,0.0853,0.1643,CLEAN
210,239,2026-06-06 09:26:09+00:00,30.362084933333332,119.97177960333333,46.80815176914768,188.4759575237969,0.7006,0.022,0.2773,CLEAN,0.7226,0.0414,0.236,CLEAN,0.7597,0.0797,0.1605,CLEAN
211,240,2026-06-06 09:26:10+00:00,30.36209173,119.971778745,46.7257058467547,189.23255899667367,0.703,0.0219,0.2751,CLEAN,0.7251,0.0418,0.2331,CLEAN,0.7607,0.081,0.1584,CLEAN
212,241,2026-06-06 09:26:11+00:00,30.362097663333333,119.97178063333334,46.907086874064035,189.89305464201507,0.6999,0.0216,0.2785,CLEAN,0.722,0.0412,0.2368,CLEAN,0.763,0.0792,0.1578,CLEAN
213,242,2026-06-06 09:26:12+00:00,30.362104198333334,119.97178378833334,47.21013567162298,190.62052751443557,0.6854,0.0212,0.2934,CLEAN,0.7094,0.0412,0.2493,CLEAN,0.7576,0.0801,0.1622,CLEAN
214,243,2026-06-06 09:26:13+00:00,30.36211182,119.971786985,47.517186695861625,191.4689675666594,0.7442,0.049,0.2067,CLEAN,0.7654,0.0594,0.1753,CLEAN,0.7452,0.0884,0.1664,CLEAN
215,244,2026-06-06 09:26:14+00:00,30.362124326666667,119.971790775,47.8812294647775,192.86120333190152,0.7435,0.0526,0.2039,CLEAN,0.763,0.0617,0.1753,CLEAN,0.7404,0.0908,0.1689,CLEAN
216,245,2026-06-06 09:26:15+00:00,30.362136278333335,119.97179285833333,48.081340925852324,194.19165677924002,0.746,0.054,0.2,CLEAN,0.7642,0.0619,0.1738,CLEAN,0.7408,0.0898,0.1693,CLEAN
217,246,2026-06-06 09:26:16+00:00,30.362144796666666,119.97179454166667,48.24303098489526,195.13991330790446,0.7484,0.0548,0.1968,CLEAN,0.7654,0.0619,0.1727,CLEAN,0.7413,0.0889,0.1698,CLEAN
218,247,2026-06-06 09:26:17+00:00,30.3621546,119.97180043166667,48.80878610653546,196.23121538284636,0.7506,0.0549,0.1945,CLEAN,0.7666,0.0615,0.1719,CLEAN,0.7416,0.0878,0.1706,CLEAN
219,248,2026-06-06 09:26:18+00:00,30.362167856666666,119.971811955,49.91564261792482,197.70694076580546,0.7481,0.0555,0.1964,CLEAN,0.764,0.0624,0.1736,CLEAN,0.738,0.0898,0.1723,CLEAN
220,249,2026-06-06 09:26:19+00:00,30.362179886666667,119.97181958166667,50.648210650908716,199.0461142400186,0.7464,0.0555,0.1981,CLEAN,0.7627,0.0623,0.1751,CLEAN,0.7366,0.0895,0.1739,CLEAN
221,250,2026-06-06 09:26:20+00:00,30.3621929,119.97182275333333,50.95286033767313,200.49475187995037,0.7426,0.0551,0.2022,CLEAN,0.7603,0.061,0.1787,CLEAN,0.7354,0.0865,0.1782,CLEAN
222,251,2026-06-06 09:26:21+00:00,30.362204141666666,119.97182464166667,51.13424136742649,201.74616848896633,0.7387,0.0545,0.2069,CLEAN,0.758,0.059,0.183,CLEAN,0.7343,0.082,0.1837,CLEAN
223,252,2026-06-06 09:26:22+00:00,30.362213003333334,119.97182232333333,50.91155733213857,202.7326447102063,0.7328,0.0551,0.2121,CLEAN,0.7535,0.0599,0.1866,CLEAN,0.7296,0.0838,0.1867,CLEAN
224,253,2026-06-06 09:26:23+00:00,30.362220898333334,119.97181666333333,50.367894516239005,203.6115120898262,0.7347,0.0551,0.2103,CLEAN,0.7552,0.0592,0.1857,CLEAN,0.731,0.0821,0.1869,CLEAN
225,254,2026-06-06 09:26:24+00:00,30.362228201666667,119.97180833666667,49.568089031532324,204.42451543810074,0.7333,0.0552,0.2116,CLEAN,0.7543,0.0595,0.1862,CLEAN,0.7293,0.0834,0.1873,CLEAN
226,255,2026-06-06 09:26:25+00:00,30.362235361666666,119.97180278833333,49.03515219115079,205.22156299147997,0.7325,0.0552,0.2122,CLEAN,0.7537,0.0597,0.1866,CLEAN,0.7281,0.0842,0.1877,CLEAN
227,256,2026-06-06 09:26:26+00:00,30.362242235,119.97179872666666,48.64501488737056,205.9866989586091,0.7345,0.0548,0.2106,CLEAN,0.7552,0.0588,0.186,CLEAN,0.7295,0.0826,0.188,CLEAN
228,257,2026-06-06 09:26:27+00:00,30.362250678333332,119.971794675,48.25583811809122,206.92660652564348,0.7348,0.0547,0.2105,CLEAN,0.7555,0.0587,0.1858,CLEAN,0.7293,0.0825,0.1881,CLEAN
229,258,2026-06-06 09:26:28+00:00,30.362261818333334,119.97179591166666,48.374624279950105,208.16670565319703,0.7372,0.0544,0.2084,CLEAN,0.7574,0.0579,0.1847,CLEAN,0.7314,0.0806,0.1879,CLEAN
230,259,2026-06-06 09:26:29+00:00,30.362272275,119.97179710666667,48.48940821512928,209.33073646155225,0.7375,0.0541,0.2083,CLEAN,0.7576,0.0577,0.1846,CLEAN,0.7313,0.0805,0.1881,CLEAN
231,260,2026-06-06 09:26:30+00:00,30.362283311666665,119.97179817333334,48.59186528314094,210.55933257502116,0.7394,0.0539,0.2067,CLEAN,0.759,0.0571,0.1839,CLEAN,0.733,0.0788,0.1882,CLEAN
232,261,2026-06-06 09:26:31+00:00,30.362294836666667,119.97180036166667,48.802062360141164,211.84228970716694,0.7344,0.0542,0.2115,CLEAN,0.7555,0.0583,0.1862,CLEAN,0.7287,0.0824,0.1889,CLEAN
233,262,2026-06-06 09:26:32+00:00,30.362305361666667,119.97180050666667,48.815990118958176,213.01392734737118,0.7387,0.0539,0.2075,CLEAN,0.7586,0.0572,0.1843,CLEAN,0.7326,0.0795,0.1879,CLEAN
234,263,2026-06-06 09:26:33+00:00,30.362315131666666,119.97180095166667,48.85873392746609,214.10151877199158,0.7376,0.0539,0.2085,CLEAN,0.7577,0.0572,0.185,CLEAN,0.7313,0.08,0.1887,CLEAN
235,264,2026-06-06 09:26:34+00:00,30.362322563333333,119.97180074,48.83840260205109,214.92880812156085,0.7374,0.0538,0.2088,CLEAN,0.7575,0.0571,0.1853,CLEAN,0.7311,0.0802,0.1887,CLEAN
236,265,2026-06-06 09:26:35+00:00,30.362329905,119.97180076,48.84032367105288,215.7460787166075,0.7374,0.0537,0.2089,CLEAN,0.7576,0.0571,0.1853,CLEAN,0.7313,0.0802,0.1885,CLEAN
237,266,2026-06-06 09:26:36+00:00,30.362337655,119.97180016833333,48.78349201749584,216.60880477012603,0.74,0.0537,0.2063,CLEAN,0.7594,0.0565,0.1841,CLEAN,0.7337,0.0784,0.1879,CLEAN
238,267,2026-06-06 09:26:37+00:00,30.362342943333335,119.97180544,49.289854056984574,217.1974993437493,0.7403,0.0536,0.206,CLEAN,0.7596,0.0562,0.1842,CLEAN,0.7338,0.0779,0.1883,CLEAN
239,268,2026-06-06 09:26:38+00:00,30.362343185,119.97181445,50.15529610176454,217.22440155415433,0.7391,0.0533,0.2076,CLEAN,0.7587,0.0561,0.1852,CLEAN,0.7328,0.0783,0.1889,CLEAN
240,269,2026-06-06 09:26:39+00:00,30.362340921666668,119.97182268333333,50.94613659372286,216.97244844002512,0.731,0.0525,0.2165,CLEAN,0.7536,0.0571,0.1893,CLEAN,0.7266,0.0827,0.1907,CLEAN
241,270,2026-06-06 09:26:40+00:00,30.36234126,119.97182889333334,51.54262883405573,217.01011153473377,0.7321,0.0524,0.2155,CLEAN,0.7547,0.0569,0.1884,CLEAN,0.7274,0.0829,0.1897,CLEAN
242,271,2026-06-06 09:26:41+00:00,30.362341241666666,119.97183399666666,52.03282186837338,217.0080706773048,0.735,0.0525,0.2126,CLEAN,0.7566,0.0565,0.1869,CLEAN,0.7295,0.0819,0.1886,CLEAN
243,272,2026-06-06 09:26:42+00:00,30.362341471666667,119.97183913333333,52.526216685990015,217.0336741600619,0.7388,0.0528,0.2083,CLEAN,0.7583,0.0564,0.1852,CLEAN,0.7313,0.0821,0.1866,CLEAN
244,273,2026-06-06 09:26:43+00:00,30.362340056666667,119.97184536166667,53.12446990664852,216.87615708057558,0.74,0.0523,0.2077,CLEAN,0.7553,0.0578,0.1869,CLEAN,0.7242,0.0903,0.1855,CLEAN
245,274,2026-06-06 09:26:44+00:00,30.362339536666667,119.971851155,53.680939855744036,216.8182709456157,0.7369,0.0518,0.2113,CLEAN,0.7527,0.0583,0.189,CLEAN,0.7198,0.0931,0.1871,CLEAN
246,275,2026-06-06 09:26:45+00:00,30.362341896666667,119.97185616166666,54.161847717517006,217.0809849433404,0.7327,0.0511,0.2162,CLEAN,0.7487,0.0597,0.1916,CLEAN,0.7102,0.099,0.1908,CLEAN
247,276,2026-06-06 09:26:46+00:00,30.36234277,119.97186301333333,54.81997428879943,217.17820396590145,0.7328,0.0511,0.2162,CLEAN,0.7477,0.0615,0.1909,CLEAN,0.7016,0.1057,0.1927,CLEAN
248,277,2026-06-06 09:26:47+00:00,30.362339666666667,119.97186528833333,55.03849600384344,216.83274247882457,0.7357,0.0517,0.2126,CLEAN,0.7487,0.0625,0.1889,CLEAN,0.7002,0.1081,0.1917,CLEAN
249,278,2026-06-06 09:26:48+00:00,30.362333931666665,119.97186268166666,54.78811654448568,216.1943251992492,0.7363,0.0519,0.2118,CLEAN,0.7476,0.0641,0.1884,CLEAN,0.6939,0.114,0.1921,CLEAN
250,279,2026-06-06 09:26:49+00:00,30.362331975,119.97186985,55.47666005955253,215.97651006212945,0.735,0.0523,0.2127,CLEAN,0.7442,0.0668,0.189,CLEAN,0.6812,0.1239,0.1948,CLEAN
251,280,2026-06-06 09:26:50+00:00,30.362328591666667,119.97187866,56.32289140209455,215.59987911858357,0.7359,0.0531,0.211,CLEAN,0.7435,0.0676,0.1888,CLEAN,0.6804,0.1251,0.1944,CLEAN
252,281,2026-06-06 09:26:51+00:00,30.362326938333332,119.97188921,57.33625583822061,215.4158308939368,0.7369,0.0538,0.2093,CLEAN,0.7431,0.0679,0.1889,CLEAN,0.6819,0.1246,0.1935,CLEAN
253,282,2026-06-06 09:26:52+00:00,30.362326921666668,119.97189955333333,58.32976921740415,215.41397556913014,0.7336,0.0541,0.2123,CLEAN,0.7381,0.0711,0.1908,CLEAN,0.6668,0.137,0.1963,CLEAN
254,283,2026-06-06 09:26:53+00:00,30.362326236666668,119.97190786666667,59.12829399025765,215.3377217180176,0.7338,0.0548,0.2114,CLEAN,0.7373,0.0719,0.1908,CLEAN,0.6671,0.1375,0.1954,CLEAN
255,284,2026-06-06 09:26:54+00:00,30.362326351666667,119.97191781333333,60.08370614720562,215.3505234590421,0.7315,0.055,0.2135,CLEAN,0.7346,0.0738,0.1916,CLEAN,0.6572,0.1454,0.1974,CLEAN
256,285,2026-06-06 09:26:55+00:00,30.362326351666667,119.97191781333333,60.08370614720562,215.3505234590421,0.2937,0.0136,0.6927,DEGRADED,0.4403,0.029,0.5307,DEGRADED,0.5463,0.0872,0.3666,CLEAN
257,286,2026-06-06 09:26:56+00:00,30.362333886666665,119.97194318,62.520263289060345,216.18931582198792,0.6094,0.0375,0.3531,CLEAN,0.6485,0.0626,0.2889,CLEAN,0.6258,0.1271,0.247,CLEAN
258,287,2026-06-06 09:26:57+00:00,30.362338775,119.97196767333334,64.87293370799279,216.73348260025082,0.6752,0.0373,0.2874,CLEAN,0.7054,0.0577,0.237,CLEAN,0.6619,0.1198,0.2183,CLEAN
259,288,2026-06-06 09:26:58+00:00,30.36233912166667,119.97198306666667,66.35151726674917,216.7720733566547,0.6943,0.0373,0.2684,CLEAN,0.7246,0.0541,0.2213,CLEAN,0.6809,0.1098,0.2093,CLEAN
260,289,2026-06-06 09:26:59+00:00,30.362339871666666,119.97199335333333,67.33958761383563,216.85556297437165,0.7023,0.0363,0.2613,CLEAN,0.7327,0.0499,0.2174,CLEAN,0.6996,0.0983,0.2021,CLEAN
261,290,2026-06-06 09:27:00+00:00,30.362342429999998,119.97200417666667,68.37920667594622,217.14035533857052,0.6938,0.0342,0.272,CLEAN,0.7276,0.0496,0.2228,CLEAN,0.6912,0.0999,0.209,CLEAN
262,291,2026-06-06 09:27:01+00:00,30.362342429999998,119.97200417666667,68.37920667594622,217.14035533857052,0.3066,0.0168,0.6766,DEGRADED,0.4641,0.0397,0.4962,DEGRADED,0.5709,0.0971,0.332,CLEAN
263,292,2026-06-06 09:27:02+00:00,30.362326465,119.97202572333333,70.4488394429384,215.36313966815243,0.5969,0.0361,0.367,CLEAN,0.6499,0.0606,0.2895,CLEAN,0.6559,0.1113,0.2328,CLEAN
264,293,2026-06-06 09:27:03+00:00,30.362325328333334,119.97203669833333,71.50302661612658,215.23660651392905,0.6617,0.0324,0.3059,CLEAN,0.7037,0.0522,0.2442,CLEAN,0.6837,0.1033,0.2131,CLEAN
265,294,2026-06-06 09:27:04+00:00,30.36232522,119.97204322333333,72.12977571156772,215.2245469019775,0.6812,0.0301,0.2886,CLEAN,0.7201,0.0472,0.2327,CLEAN,0.6953,0.0954,0.2093,CLEAN
266,295,2026-06-06 09:27:05+00:00,30.362326301666666,119.97204944333333,72.7272284888455,215.34495748462206,0.6884,0.0275,0.2841,CLEAN,0.7264,0.0412,0.2324,CLEAN,0.7153,0.0817,0.2031,CLEAN
267,296,2026-06-06 09:27:06+00:00,30.362329085,119.9720552,73.2801764748457,215.65479673371112,0.6894,0.0262,0.2844,CLEAN,0.7267,0.0382,0.2351,CLEAN,0.7234,0.0745,0.2021,CLEAN
268,297,2026-06-06 09:27:07+00:00,30.362332816666665,119.97206072666667,73.8110321575493,216.07020396699127,0.6867,0.0244,0.2889,CLEAN,0.7233,0.0351,0.2416,CLEAN,0.7342,0.0679,0.1978,CLEAN
269,298,2026-06-06 09:27:08+00:00,30.362336258333332,119.97206582,74.30026465492205,216.45332854806867,0.6854,0.0239,0.2907,CLEAN,0.7217,0.035,0.2433,CLEAN,0.7326,0.0684,0.199,CLEAN
270,299,2026-06-06 09:27:09+00:00,30.362339313333333,119.97206696,74.4097656491243,216.79340959193155,0.6834,0.0232,0.2933,CLEAN,0.7201,0.0338,0.246,CLEAN,0.7391,0.0654,0.1955,CLEAN
271,300,2026-06-06 09:27:10+00:00,30.362342671666667,119.97206978666667,74.68127687727777,217.16725754897553,0.6799,0.0229,0.2971,CLEAN,0.7178,0.0333,0.2489,CLEAN,0.7417,0.0634,0.1949,CLEAN
272,301,2026-06-06 09:27:11+00:00,30.362343316666667,119.97207482666667,75.16538652234973,217.2390586206936,0.6771,0.0234,0.2995,CLEAN,0.7162,0.0341,0.2497,CLEAN,0.7375,0.0642,0.1983,CLEAN
273,302,2026-06-06 09:27:12+00:00,30.362343316666667,119.97207482666667,75.16538652234973,217.2390586206936,0.3048,0.0173,0.6779,DEGRADED,0.4432,0.0373,0.5195,DEGRADED,0.5898,0.0873,0.3228,CLEAN
274,303,2026-06-06 09:27:13+00:00,30.362376423333334,119.97208006333334,75.66838668986333,220.9244758958557,0.5735,0.0347,0.3918,CLEAN,0.6343,0.0549,0.3109,CLEAN,0.6698,0.0947,0.2356,CLEAN
275,304,2026-06-06 09:27:14+00:00,30.362367225,119.97208897833333,76.52470365077477,219.90052211252936,0.6557,0.0331,0.3112,CLEAN,0.6998,0.0481,0.2521,CLEAN,0.6977,0.0886,0.2137,CLEAN
276,305,2026-06-06 09:27:15+00:00,30.36236339,119.97209526,77.12807972617807,219.47361186516451,0.6813,0.0297,0.2891,CLEAN,0.721,0.0411,0.2379,CLEAN,0.7178,0.0783,0.2039,CLEAN
277,306,2026-06-06 09:27:16+00:00,30.36236882,119.97209769166666,77.36164982321613,220.07807670035274,0.6861,0.0284,0.2855,CLEAN,0.7252,0.0389,0.2358,CLEAN,0.7179,0.0758,0.2063,CLEAN
278,307,2026-06-06 09:27:17+00:00,30.362378156666665,119.97209879333333,77.46746876320292,221.1174296792913,0.6875,0.0271,0.2854,CLEAN,0.7257,0.0371,0.2372,CLEAN,0.7227,0.0725,0.2048,CLEAN
279,308,2026-06-06 09:27:18+00:00,30.362384108333334,119.97210074666667,77.65509326843409,221.77996618276975,0.6875,0.0273,0.2853,CLEAN,0.7253,0.0374,0.2373,CLEAN,0.7194,0.0733,0.2073,CLEAN
280,309,2026-06-06 09:27:19+00:00,30.362388928333335,119.97210328333334,77.89874898384157,222.31652612847552,0.6879,0.0277,0.2844,CLEAN,0.7246,0.0377,0.2377,CLEAN,0.7186,0.0732,0.2082,CLEAN
281,310,2026-06-06 09:27:20+00:00,30.36239841,119.97210283,77.85520472950891,223.37202043351544,0.6881,0.028,0.2839,CLEAN,0.7236,0.0379,0.2385,CLEAN,0.7182,0.0733,0.2085,CLEAN
282,311,2026-06-06 09:27:21+00:00,30.362408875,119.97210133333333,77.7114446559627,224.536978904274,0.6882,0.0272,0.2847,CLEAN,0.7228,0.0366,0.2406,CLEAN,0.7256,0.0702,0.2042,CLEAN
283,312,2026-06-06 09:27:22+00:00,30.362419906666666,119.97210019,77.60162348685218,225.76501842058414,0.6858,0.0261,0.288,CLEAN,0.7214,0.0354,0.2432,CLEAN,0.7305,0.0677,0.2019,CLEAN
284,313,2026-06-06 09:27:23+00:00,30.362419906666666,119.97210019,77.60162348685218,225.76501842058414,0.345,0.0253,0.6297,DEGRADED,0.4608,0.049,0.4902,DEGRADED,0.5742,0.1035,0.3223,CLEAN
285,314,2026-06-06 09:27:24+00:00,30.362419906666666,119.97210019,77.60162348685218,225.76501842058414,0.1377,0.0256,0.8367,DEGRADED,0.2883,0.0544,0.6573,DEGRADED,0.4016,0.1328,0.4656,DEGRADED
286,315,2026-06-06 09:27:25+00:00,30.362488431666666,119.97208126333334,75.78365089107093,233.39318652683525,0.4712,0.0487,0.4801,DEGRADED,0.5571,0.0735,0.3694,CLEAN,0.5793,0.1223,0.2984,CLEAN
287,316,2026-06-06 09:27:26+00:00,30.36248221,119.97209161833334,76.77828489343152,232.70059376191335,0.6109,0.0401,0.349,CLEAN,0.6662,0.0557,0.278,CLEAN,0.6634,0.0965,0.2402,CLEAN
288,317,2026-06-06 09:27:27+00:00,30.362478901666666,119.97209846833333,77.43625137603779,232.33231177928945,0.6565,0.032,0.3115,CLEAN,0.7041,0.0435,0.2524,CLEAN,0.7072,0.0776,0.2152,CLEAN
289,318,2026-06-06 09:27:28+00:00,30.362483571666665,119.97209954833333,77.53998915590263,232.85217380173506,0.6701,0.0279,0.302,CLEAN,0.7136,0.0379,0.2485,CLEAN,0.7222,0.0696,0.2081,CLEAN
290,319,2026-06-06 09:27:29+00:00,30.362491698333333,119.97210035833334,77.61779249202327,233.75683019673434,0.6711,0.0257,0.3032,CLEAN,0.7121,0.0347,0.2532,CLEAN,0.732,0.0639,0.204,CLEAN
291,320,2026-06-06 09:27:30+00:00,30.362501373333334,119.97210044166667,77.62579695027073,234.83384627038154,0.6621,0.0242,0.3137,CLEAN,0.7011,0.0325,0.2664,CLEAN,0.7367,0.0603,0.203,CLEAN
292,321,2026-06-06 09:27:31+00:00,30.362511873333332,119.97210128166667,77.70648189233808,236.00270092337576,0.6832,0.0256,0.2912,CLEAN,0.7212,0.0334,0.2454,CLEAN,0.7369,0.0612,0.202,CLEAN
293,322,2026-06-06 09:27:32+00:00,30.362521271666665,119.97210424833334,77.99144061328012,237.04891860438227,0.6785,0.0246,0.297,CLEAN,0.7161,0.0319,0.252,CLEAN,0.7458,0.0565,0.1977,CLEAN
294,323,2026-06-06 09:27:33+00:00,30.36252972,119.97210757666667,78.31113868203859,237.9893827692835,0.6742,0.0238,0.302,CLEAN,0.7125,0.0311,0.2564,CLEAN,0.7482,0.055,0.1969,CLEAN
295,324,2026-06-06 09:27:34+00:00,30.362537223333334,119.97211143666667,78.68190519490472,238.82465001523826,0.6717,0.0228,0.3055,CLEAN,0.711,0.0302,0.2587,CLEAN,0.7524,0.0529,0.1946,CLEAN
296,325,2026-06-06 09:27:35+00:00,30.362545288333333,119.97211409666667,78.93740750900727,239.72244170816958,0.6736,0.0228,0.3036,CLEAN,0.7131,0.0303,0.2565,CLEAN,0.752,0.0533,0.1946,CLEAN
297,326,2026-06-06 09:27:36+00:00,30.362545288333333,119.97211409666667,78.93740750900727,239.72244170816958,0.3112,0.0164,0.6724,DEGRADED,0.4504,0.0333,0.5163,DEGRADED,0.6135,0.0749,0.3116,CLEAN
298,327,2026-06-06 09:27:37+00:00,30.362557788333334,119.97212037,79.53998313858582,241.11393534363066,0.5778,0.0335,0.3887,CLEAN,0.641,0.0498,0.3092,CLEAN,0.6902,0.0808,0.2289,CLEAN
299,328,2026-06-06 09:27:38+00:00,30.362564355,119.97212404166666,79.89265957483506,241.84493333304223,0.6464,0.0295,0.3241,CLEAN,0.694,0.0404,0.2656,CLEAN,0.7269,0.0679,0.2052,CLEAN
300,329,2026-06-06 09:27:39+00:00,30.362572601666667,119.97212655166666,80.13375386164813,242.76294806693286,0.6617,0.0259,0.3123,CLEAN,0.7043,0.0349,0.2608,CLEAN,0.7398,0.0602,0.2,CLEAN
301,330,2026-06-06 09:27:40+00:00,30.362582466666666,119.97212912,80.38045127167845,243.86111484323462,0.6581,0.0233,0.3187,CLEAN,0.6974,0.0318,0.2708,CLEAN,0.7451,0.0554,0.1994,CLEAN
302,331,2026-06-06 09:27:41+00:00,30.362592171666666,119.97213230333334,80.68622158406394,244.94147050195872,0.6556,0.0243,0.3201,CLEAN,0.6919,0.0329,0.2752,CLEAN,0.7332,0.0593,0.2074,CLEAN
303,332,2026-06-06 09:27:42+00:00,30.362592171666666,119.97213230333334,80.68622158406394,244.94147050195872,0.3116,0.0206,0.6678,DEGRADED,0.4429,0.0407,0.5163,DEGRADED,0.5758,0.0906,0.3336,CLEAN
304,333,2026-06-06 09:27:43+00:00,30.36263286166667,119.972123625,79.8526372835977,249.47106058257248,0.5605,0.0377,0.4018,CLEAN,0.624,0.0554,0.3205,CLEAN,0.6582,0.0926,0.2493,CLEAN
305,334,2026-06-06 09:27:44+00:00,30.36263286166667,119.972123625,79.8526372835977,249.47106058257248,0.2232,0.0306,0.7462,DEGRADED,0.3702,0.0572,0.5726,DEGRADED,0.4914,0.1177,0.3909,CLEAN
306,335,2026-06-06 09:27:45+00:00,30.362643645,119.97213299166667,80.75233841016565,250.6714557579884,0.4728,0.0564,0.4709,CLEAN,0.5558,0.0795,0.3647,CLEAN,0.5776,0.1217,0.3007,CLEAN
307,336,2026-06-06 09:27:46+00:00,30.362646123333334,119.97213787,81.22091940477111,250.94734256269032,0.5912,0.0478,0.361,CLEAN,0.6445,0.0627,0.2928,CLEAN,0.6358,0.1033,0.2609,CLEAN
308,337,2026-06-06 09:27:47+00:00,30.362646123333334,119.97213787,81.22091940477111,250.94734256269032,0.2555,0.0431,0.7014,DEGRADED,0.3755,0.0777,0.5468,DEGRADED,0.4589,0.1427,0.3983,CLEAN
309,338,2026-06-06 09:27:48+00:00,30.362646123333334,119.97213787,81.22091940477111,250.94734256269032,0.1241,0.0415,0.8344,DEGRADED,0.2495,0.0864,0.6641,DEGRADED,0.3196,0.173,0.5073,DEGRADED
310,339,2026-06-06 09:27:49+00:00,30.362686498333332,119.97213379,80.82902112066523,255.44186700318315,0.3134,0.0708,0.6159,DEGRADED,0.4037,0.1147,0.4816,DEGRADED,0.4083,0.1748,0.417,DEGRADED
311,340,2026-06-06 09:27:50+00:00,30.362686498333332,119.97213379,80.82902112066523,255.44186700318315,0.1121,0.0593,0.8286,DEGRADED,0.1931,0.119,0.6879,DEGRADED,0.2386,0.2027,0.5586,DEGRADED
312,341,2026-06-06 09:27:51+00:00,30.362686498333332,119.97213379,80.82902112066523,255.44186700318315,0.0729,0.0545,0.8726,DEGRADED,0.1441,0.1176,0.7383,DEGRADED,0.1724,0.2138,0.6137,DEGRADED
313,342,2026-06-06 09:27:52+00:00,30.362686498333332,119.97213379,80.82902112066523,255.44186700318315,0.0565,0.0489,0.8946,DEGRADED,0.118,0.1143,0.7677,DEGRADED,0.1418,0.2195,0.6387,DEGRADED
314,343,2026-06-06 09:27:53+00:00,30.362686498333332,119.97213379,80.82902112066523,255.44186700318315,0.0554,0.0472,0.8974,DEGRADED,0.1168,0.1201,0.7631,DEGRADED,0.1364,0.2305,0.6331,DEGRADED
315,344,2026-06-06 09:27:54+00:00,30.362686498333332,119.97213379,80.82902112066523,255.44186700318315,0.0563,0.0492,0.8944,DEGRADED,0.1194,0.1325,0.7482,DEGRADED,0.1375,0.2437,0.6188,DEGRADED
316,345,2026-06-06 09:27:55+00:00,30.362717981666666,119.97214761333333,82.15680068457286,258.94657563877536,0.2008,0.1007,0.6985,DEGRADED,0.2546,0.1895,0.5559,DEGRADED,0.2295,0.2537,0.5167,DEGRADED
317,346,2026-06-06 09:27:56+00:00,30.362736235,119.97214322333333,81.73512581383117,260.97852741053265,0.2724,0.1282,0.5994,DEGRADED,0.2985,0.1983,0.5032,DEGRADED,0.2566,0.2472,0.4962,DEGRADED
318,347,2026-06-06 09:27:57+00:00,30.362740813333332,119.97214943333333,82.33161805660806,261.4881851458334,0.3086,0.1648,0.5266,DEGRADED,0.3175,0.2067,0.4758,DEGRADED,0.2761,0.2432,0.4807,DEGRADED
319,348,2026-06-06 09:27:58+00:00,30.362751273333334,119.97215087666666,82.47025527540947,262.6525870194332,0.2929,0.2309,0.4762,DEGRADED,0.2823,0.2418,0.4759,DEGRADED,0.2504,0.2775,0.4721,DEGRADED
320,349,2026-06-06 09:27:59+00:00,30.362751273333334,119.97215087666666,82.47025527540947,262.6525870194332,0.0869,0.2233,0.6898,DEGRADED,0.0923,0.2712,0.6365,DEGRADED,0.1106,0.3273,0.5621,DEGRADED
321,350,2026-06-06 09:28:00+00:00,30.362768606666666,119.97215303166666,82.67725057155475,264.5821248601622,0.1774,0.2599,0.5627,DEGRADED,0.1764,0.2816,0.542,DEGRADED,0.1565,0.3331,0.5104,DEGRADED
322,351,2026-06-06 09:28:01+00:00,30.36277885166667,119.97215281,82.65595871163886,265.7225930431893,0.1968,0.2982,0.505,DEGRADED,0.1823,0.2968,0.5209,DEGRADED,0.1572,0.3452,0.4976,DEGRADED
323,352,2026-06-06 09:28:02+00:00,30.362791698333332,119.972153,82.6742088769319,267.1526774343461,0.1867,0.3382,0.475,DEGRADED,0.1644,0.3232,0.5124,DEGRADED,0.1412,0.3664,0.4923,DEGRADED
324,353,2026-06-06 09:28:03+00:00,30.362791698333332,119.972153,82.6742088769319,267.1526774343461,0.057,0.304,0.6389,DEGRADED,0.0521,0.3362,0.6118,DEGRADED,0.0599,0.3833,0.5568,DEGRADED
325,354,2026-06-06 09:28:04+00:00,30.362791698333332,119.972153,82.6742088769319,267.1526774343461,0.036,0.2672,0.6968,DEGRADED,0.0348,0.3272,0.6381,DEGRADED,0.0368,0.3783,0.5849,DEGRADED
326,355,2026-06-06 09:28:05+00:00,30.362836113333334,119.97214874666666,82.26566131918248,272.096932618459,0.0706,0.346,0.5833,DEGRADED,0.0602,0.3828,0.557,DEGRADED,0.0493,0.4171,0.5336,DEGRADED
327,356,2026-06-06 09:28:06+00:00,30.362836113333334,119.97214874666666,82.26566131918248,272.096932618459,0.0335,0.3236,0.6429,DEGRADED,0.0273,0.382,0.5907,DEGRADED,0.0278,0.4191,0.553,DEGRADED
328,357,2026-06-06 09:28:07+00:00,30.362832485,119.97216661666667,83.98213738145296,271.6930283992635,0.0627,0.3814,0.5558,DEGRADED,0.0504,0.4177,0.5319,DEGRADED,0.0395,0.4453,0.5151,DEGRADED
329,358,2026-06-06 09:28:08+00:00,30.362838128333333,119.97216695166667,84.01431530556302,272.3212413924021,0.0656,0.4375,0.4969,DEGRADED,0.0513,0.4424,0.5063,DEGRADED,0.0413,0.4563,0.5023,DEGRADED
330,359,2026-06-06 09:28:09+00:00,30.36284642,119.97216946333333,84.25556968105222,273.24426550355406,0.0638,0.4642,0.472,DEGRADED,0.051,0.4475,0.5015,DEGRADED,0.0431,0.457,0.4999,DEGRADED
331,360,2026-06-06 09:28:10+00:00,30.362859633333333,119.97216802,84.1169324622508,274.71516704187417,0.0575,0.4884,0.4541,WARNING,0.0475,0.4563,0.4962,DEGRADED,0.042,0.4608,0.4972,DEGRADED
332,361,2026-06-06 09:28:11+00:00,30.362873985,119.97216580666667,83.90433404533232,276.3127872670399,0.05,0.5075,0.4424,WARNING,0.0438,0.4626,0.4935,DEGRADED,0.0416,0.4622,0.4962,DEGRADED
333,362,2026-06-06 09:28:12+00:00,30.362887591666667,119.97216273666666,83.60944979714101,277.82747447164746,0.048,0.5313,0.4207,WARNING,0.0424,0.4796,0.478,WARNING,0.0407,0.4768,0.4825,DEGRADED
334,363,2026-06-06 09:28:13+00:00,30.362887591666667,119.97216273666666,83.60944979714101,277.82747447164746,0.0257,0.4356,0.5387,DEGRADED,0.0228,0.4279,0.5493,DEGRADED,0.0275,0.4311,0.5414,DEGRADED
335,364,2026-06-06 09:28:14+00:00,30.36293660666667,119.97215428666667,82.79779771373926,283.2837993130265,0.0397,0.47,0.4903,DEGRADED,0.0346,0.455,0.5103,DEGRADED,0.0319,0.4609,0.5072,DEGRADED
336,365,2026-06-06 09:28:15+00:00,30.362933031666667,119.97217098666667,84.40189118074883,282.8858321334956,0.0421,0.5179,0.44,WARNING,0.0376,0.475,0.4874,DEGRADED,0.0358,0.4699,0.4943,DEGRADED
337,366,2026-06-06 09:28:16+00:00,30.362933031666667,119.97217098666667,84.40189118074883,282.8858321334956,0.0245,0.4282,0.5473,DEGRADED,0.0213,0.4247,0.554,DEGRADED,0.0251,0.4272,0.5477,DEGRADED
338,367,2026-06-06 09:28:17+00:00,30.362954116666668,119.972177085,84.9876574480077,285.23300359684794,0.0388,0.4818,0.4793,WARNING,0.0338,0.4647,0.5016,DEGRADED,0.0313,0.4669,0.5019,DEGRADED
339,368,2026-06-06 09:28:18+00:00,30.362963941666667,119.972178405,85.11444807055808,286.32671759375523,0.0431,0.5366,0.4202,WARNING,0.0376,0.4939,0.4685,WARNING,0.0352,0.4841,0.4808,WARNING
340,369,2026-06-06 09:28:19+00:00,30.362973006666667,119.97218029166666,85.29566900919127,287.33582877791997,0.0445,0.5622,0.3933,WARNING,0.0398,0.5052,0.455,WARNING,0.0385,0.4903,0.4712,WARNING
341,370,2026-06-06 09:28:20+00:00,30.362973006666667,119.97218029166666,85.29566900919127,287.33582877791997,0.0241,0.4639,0.512,DEGRADED,0.0217,0.4523,0.526,DEGRADED,0.0268,0.4471,0.5261,DEGRADED
342,371,2026-06-06 09:28:21+00:00,30.36314293,119.972040845,71.90132846683042,306.2516077182907,0.0364,0.5045,0.4592,WARNING,0.0329,0.4847,0.4825,WARNING,0.0325,0.4828,0.4847,DEGRADED
343,372,2026-06-06 09:28:22+00:00,30.363136061666665,119.97208437833334,76.08285754573826,305.48702834902844,0.0381,0.5445,0.4174,WARNING,0.035,0.5007,0.4643,WARNING,0.0349,0.4895,0.4757,WARNING
344,373,2026-06-06 09:28:23+00:00,30.363131021666668,119.9721262,80.09997504833261,304.9259781155912,0.0394,0.5652,0.3954,WARNING,0.0363,0.5082,0.4555,WARNING,0.0362,0.4963,0.4675,WARNING
345,374,2026-06-06 09:28:24+00:00,30.363126938333334,119.972154245,82.79379548461554,304.4714235287484,0.0381,0.5737,0.3881,WARNING,0.0358,0.5114,0.4528,WARNING,0.0363,0.5012,0.4625,WARNING
346,375,2026-06-06 09:28:25+00:00,30.363113633333334,119.97218803833333,86.03976346351794,302.99031770328344,0.0367,0.5812,0.3821,WARNING,0.0353,0.5147,0.45,WARNING,0.0364,0.505,0.4586,WARNING
347,376,2026-06-06 09:28:26+00:00,30.363101891666666,119.97220638833333,87.80234520627147,301.68324134865077,0.0362,0.5859,0.378,WARNING,0.0355,0.5175,0.4471,WARNING,0.0373,0.5072,0.4555,WARNING
348,377,2026-06-06 09:28:27+00:00,30.363101891666666,119.97220638833333,87.80234520627147,301.68324134865077,0.0228,0.4701,0.5071,DEGRADED,0.0218,0.4512,0.527,DEGRADED,0.0274,0.4493,0.5233,DEGRADED
349,378,2026-06-06 09:28:28+00:00,30.363108191666665,119.97220709166666,87.86990283534654,302.3845541404473,0.0319,0.5095,0.4586,WARNING,0.0301,0.4812,0.4886,DEGRADED,0.0305,0.4824,0.4871,DEGRADED
350,379,2026-06-06 09:28:29+00:00,30.363115451666665,119.97220212166667,87.39251693666886,303.19273364408286,0.0362,0.5508,0.413,WARNING,0.034,0.5016,0.4644,WARNING,0.034,0.4931,0.4729,WARNING
351,380,2026-06-06 09:28:30+00:00,30.363118886666665,119.97219538333333,86.74527642713659,303.5751160946711,0.0376,0.5716,0.3908,WARNING,0.0357,0.5097,0.4546,WARNING,0.0362,0.498,0.4659,WARNING
352,381,2026-06-06 09:28:31+00:00,30.363123013333333,119.97219181333334,86.40236542946046,304.03449452686095,0.0377,0.5825,0.3797,WARNING,0.0365,0.5133,0.4502,WARNING,0.0376,0.4998,0.4626,WARNING
353,382,2026-06-06 09:28:32+00:00,30.363131298333332,119.97219207666667,86.42765951850008,304.9567765082319,0.0365,0.5883,0.3752,WARNING,0.036,0.5149,0.4491,WARNING,0.0381,0.5007,0.4613,WARNING
354,383,2026-06-06 09:28:33+00:00,30.363137916666666,119.97219614666666,86.81859726810507,305.6935260046858,0.0383,0.5909,0.3708,WARNING,0.0378,0.5163,0.446,WARNING,0.04,0.5028,0.4572,WARNING
355,384,2026-06-06 09:28:34+00:00,30.363137916666666,119.97219614666666,86.81859726810507,305.6935260046858,0.0234,0.4709,0.5056,DEGRADED,0.0226,0.4495,0.5279,DEGRADED,0.0282,0.4481,0.5236,DEGRADED
356,385,2026-06-06 09:28:35+00:00,30.363137916666666,119.97219614666666,86.81859726810507,305.6935260046858,0.0198,0.3747,0.6055,DEGRADED,0.0191,0.3957,0.5853,DEGRADED,0.0219,0.4128,0.5653,DEGRADED
357,386,2026-06-06 09:28:36+00:00,30.363139563333334,119.97225239833334,92.22176679113741,305.8768320995515,0.0385,0.4456,0.5159,DEGRADED,0.034,0.4457,0.5203,DEGRADED,0.031,0.4568,0.5122,DEGRADED
358,387,2026-06-06 09:28:37+00:00,30.363137415,119.97227443,94.3379855070851,305.6376807271549,0.0456,0.5094,0.445,WARNING,0.0396,0.4779,0.4825,DEGRADED,0.0365,0.4768,0.4867,DEGRADED
359,388,2026-06-06 09:28:38+00:00,30.363133295,119.972293255,96.14619266429322,305.17904442474605,0.048,0.5421,0.4099,WARNING,0.0423,0.4929,0.4648,WARNING,0.0405,0.4872,0.4722,WARNING
360,389,2026-06-06 09:28:39+00:00,30.363130956666666,119.972308135,97.57546875926758,304.91874234898677,0.0471,0.56,0.3928,WARNING,0.0432,0.4996,0.4572,WARNING,0.0433,0.4918,0.4649,WARNING
361,390,2026-06-06 09:28:40+00:00,30.363130956666666,119.972308135,97.57546875926758,304.91874234898677,0.0246,0.4496,0.5258,DEGRADED,0.0226,0.4409,0.5365,DEGRADED,0.0282,0.4427,0.5291,DEGRADED
362,391,2026-06-06 09:28:41+00:00,30.363063138333334,119.97244045833334,110.28558819548162,297.3692400158136,0.0347,0.488,0.4772,WARNING,0.0324,0.4688,0.4988,DEGRADED,0.033,0.4724,0.4946,DEGRADED
363,392,2026-06-06 09:28:42+00:00,30.363036548333334,119.97246486833333,112.63025415372257,294.4092547556431,0.0378,0.5273,0.4349,WARNING,0.036,0.4869,0.4771,WARNING,0.0372,0.4823,0.4806,WARNING
364,393,2026-06-06 09:28:43+00:00,30.363036548333334,119.97246486833333,112.63025415372257,294.4092547556431,0.023,0.4302,0.5468,DEGRADED,0.0207,0.4324,0.5469,DEGRADED,0.0254,0.4341,0.5405,DEGRADED
365,394,2026-06-06 09:28:44+00:00,30.36303231833333,119.972483445,114.41460802486442,293.9383733093685,0.0364,0.4742,0.4894,DEGRADED,0.0331,0.4621,0.5048,DEGRADED,0.0326,0.467,0.5004,DEGRADED
366,395,2026-06-06 09:28:45+00:00,30.363036126666668,119.97248517166666,114.58046040415127,294.362315036901,0.0403,0.5213,0.4384,WARNING,0.0373,0.483,0.4796,WARNING,0.0372,0.479,0.4838,DEGRADED
367,396,2026-06-06 09:28:46+00:00,30.3630414,119.97249509,115.5331510438287,294.9493398183399,0.0462,0.5479,0.4059,WARNING,0.0428,0.4929,0.4644,WARNING,0.0428,0.4847,0.4724,WARNING
368,397,2026-06-06 09:28:47+00:00,30.3630414,119.97249509,115.5331510438287,294.9493398183399,0.0229,0.4413,0.5358,DEGRADED,0.0211,0.4357,0.5432,DEGRADED,0.0265,0.4351,0.5384,DEGRADED
369,398,2026-06-06 09:28:48+00:00,30.362978716666667,119.97233744166667,100.39047669732766,287.9714630702853,0.0326,0.4761,0.4913,DEGRADED,0.0306,0.4584,0.5111,DEGRADED,0.0309,0.4609,0.5082,DEGRADED
370,399,2026-06-06 09:28:49+00:00,30.362977753333332,119.97232969333334,99.6462221518808,287.86422529390984,0.034,0.5142,0.4517,WARNING,0.0326,0.4751,0.4923,DEGRADED,0.0338,0.4704,0.4958,DEGRADED
371,400,2026-06-06 09:28:50+00:00,30.362982738333333,119.972333125,99.97584575033255,288.41915295576825,0.0404,0.5401,0.4195,WARNING,0.0384,0.489,0.4726,WARNING,0.0395,0.4824,0.478,WARNING
372,401,2026-06-06 09:28:51+00:00,30.36298681,119.97234036333333,100.67111300934964,288.87240881567124,0.0478,0.5543,0.3978,WARNING,0.045,0.4925,0.4626,WARNING,0.0459,0.4821,0.472,WARNING
373,402,2026-06-06 09:28:52+00:00,30.362990856666666,119.97234768833333,101.37470490396652,289.3228816883642,0.0546,0.5605,0.385,WARNING,0.0511,0.4918,0.4572,WARNING,0.0519,0.4789,0.4692,WARNING
374,403,2026-06-06 09:28:53+00:00,30.362992675,119.97235325333334,101.90924263844155,289.5252976298718,0.0567,0.5646,0.3787,WARNING,0.0537,0.491,0.4553,WARNING,0.0553,0.4768,0.4679,WARNING
375,404,2026-06-06 09:28:54+00:00,30.362992675,119.97235325333334,101.90924263844155,289.5252976298718,0.0247,0.4496,0.5257,DEGRADED,0.024,0.438,0.538,DEGRADED,0.0318,0.4339,0.5342,DEGRADED
376,405,2026-06-06 09:28:55+00:00,30.362971495,119.97240922666667,107.28567726946095,287.16755081413004,0.0328,0.4815,0.4857,DEGRADED,0.032,0.4578,0.5102,DEGRADED,0.0343,0.4566,0.5091,DEGRADED
377,406,2026-06-06 09:28:56+00:00,30.362963466666667,119.97243071833333,109.35002709303217,286.27384083605665,0.0363,0.5218,0.4419,WARNING,0.0354,0.4763,0.4883,DEGRADED,0.0375,0.4669,0.4955,DEGRADED
378,407,2026-06-06 09:28:57+00:00,30.362959181666668,119.97244197666667,110.43142942670578,285.79683681820325,0.0421,0.5434,0.4145,WARNING,0.041,0.4856,0.4734,WARNING,0.0439,0.4727,0.4834,DEGRADED
379,408,2026-06-06 09:28:58+00:00,30.362953511666667,119.97244697833334,110.91185702245032,285.16565530523235,0.0483,0.5531,0.3986,WARNING,0.0479,0.4862,0.4659,WARNING,0.0518,0.4708,0.4774,DEGRADED
380,409,2026-06-06 09:28:59+00:00,30.3629452,119.972463655,112.51370924066178,284.24040480402914,0.0572,0.5575,0.3853,WARNING,0.057,0.4832,0.4598,WARNING,0.0611,0.4662,0.4727,DEGRADED
381,410,2026-06-06 09:29:00+00:00,30.362939155,119.972475935,113.69324623342699,283.5674784821997,0.0614,0.5603,0.3782,WARNING,0.0622,0.4803,0.4576,WARNING,0.0676,0.4611,0.4712,DEGRADED
382,411,2026-06-06 09:29:01+00:00,30.362939155,119.972475935,113.69324623342699,283.5674784821997,0.0235,0.4443,0.5322,DEGRADED,0.0238,0.4304,0.5457,DEGRADED,0.0329,0.4197,0.5474,DEGRADED
383,412,2026-06-06 09:29:02+00:00,30.36281843,119.972560255,121.79247744154037,270.1284329560816,0.0357,0.4901,0.4743,WARNING,0.0349,0.4601,0.505,DEGRADED,0.0374,0.457,0.5056,DEGRADED
384,413,2026-06-06 09:29:03+00:00,30.362832418333333,119.97258615333334,124.28010302750279,271.68560710003675,0.0393,0.5267,0.434,WARNING,0.0385,0.4771,0.4844,DEGRADED,0.0409,0.4674,0.4917,DEGRADED
385,414,2026-06-06 09:29:04+00:00,30.362840978333335,119.97259934166667,125.54688861760944,272.63850194142606,0.0481,0.5433,0.4087,WARNING,0.0461,0.4853,0.4685,WARNING,0.048,0.4756,0.4765,DEGRADED
386,415,2026-06-06 09:29:05+00:00,30.362840045,119.97260702666667,126.28505977136656,272.5346037494193,0.0501,0.5504,0.3996,WARNING,0.0486,0.489,0.4624,WARNING,0.052,0.4801,0.4679,WARNING
387,416,2026-06-06 09:29:06+00:00,30.362839095,119.972612895,126.84873373532882,272.42885023331405,0.0521,0.5551,0.3927,WARNING,0.0517,0.4885,0.4598,WARNING,0.0556,0.4793,0.4651,WARNING
388,417,2026-06-06 09:29:07+00:00,30.362839095,119.972612895,126.84873373532882,272.42885023331405,0.0232,0.4444,0.5325,DEGRADED,0.0228,0.4335,0.5437,DEGRADED,0.0308,0.4278,0.5414,DEGRADED
389,418,2026-06-06 09:29:08+00:00,30.362839095,119.972612895,126.84873373532882,272.42885023331405,0.0187,0.3591,0.6223,DEGRADED,0.0188,0.3828,0.5984,DEGRADED,0.0225,0.3951,0.5823,DEGRADED
390,419,2026-06-06 09:29:09+00:00,30.362830503333335,119.97263966666667,129.42024604665755,271.47243027493374,0.0363,0.4436,0.5201,DEGRADED,0.0331,0.4381,0.5288,DEGRADED,0.0315,0.4448,0.5237,DEGRADED
391,420,2026-06-06 09:29:10+00:00,30.362830503333335,119.97263966666667,129.42024604665755,271.47243027493374,0.0218,0.3796,0.5986,DEGRADED,0.0187,0.4086,0.5726,DEGRADED,0.0209,0.4188,0.5603,DEGRADED
392,421,2026-06-06 09:29:11+00:00,30.362905966666666,119.97260207666666,125.80959494169069,279.8729701149184,0.0414,0.4483,0.5103,DEGRADED,0.0354,0.4518,0.5128,DEGRADED,0.032,0.459,0.509,DEGRADED
393,422,2026-06-06 09:29:12+00:00,30.362904343333334,119.972601705,125.77389505692935,279.6922614753486,0.0475,0.5026,0.4499,WARNING,0.0414,0.4726,0.4861,DEGRADED,0.0387,0.4689,0.4924,DEGRADED
394,423,2026-06-06 09:29:13+00:00,30.362893443333334,119.97260912833333,126.48693221276704,278.4788790255777,0.0526,0.5291,0.4183,WARNING,0.0473,0.4794,0.4733,WARNING,0.0463,0.4732,0.4805,DEGRADED
395,424,2026-06-06 09:29:14+00:00,30.362893443333334,119.97260912833333,126.48693221276704,278.4788790255777,0.0222,0.4294,0.5484,DEGRADED,0.0203,0.4276,0.5521,DEGRADED,0.0254,0.4265,0.5481,DEGRADED
396,425,2026-06-06 09:29:15+00:00,30.362876148333335,119.972815415,146.30148876361375,276.553608432329,0.0318,0.462,0.5062,DEGRADED,0.0297,0.4435,0.5268,DEGRADED,0.0301,0.4457,0.5242,DEGRADED
397,426,2026-06-06 09:29:16+00:00,30.362864923333333,119.97282037,146.7774338617621,275.30404714811976,0.0355,0.5063,0.4582,WARNING,0.0335,0.4623,0.5042,DEGRADED,0.0342,0.4553,0.5105,DEGRADED
398,427,2026-06-06 09:29:17+00:00,30.362869343333333,119.97282288166667,147.01868823969534,275.796079297757,0.0433,0.5302,0.4265,WARNING,0.0413,0.4727,0.4861,DEGRADED,0.043,0.4622,0.4949,DEGRADED
399,428,2026-06-06 09:29:18+00:00,30.362868398333333,119.97283281166666,147.97249950254977,275.6908823788105,0.0504,0.5405,0.4091,WARNING,0.0501,0.4713,0.4786,DEGRADED,0.0542,0.4585,0.4873,DEGRADED
400,429,2026-06-06 09:29:19+00:00,30.3628754,119.972853335,149.94383752177419,276.47030434652623,0.0513,0.55,0.3987,WARNING,0.0533,0.4711,0.4756,DEGRADED,0.0598,0.4561,0.4841,DEGRADED
401,430,2026-06-06 09:29:20+00:00,30.36288135,119.9728668,151.23719791521768,277.1326553166743,0.0495,0.5596,0.3909,WARNING,0.0528,0.4739,0.4734,WARNING,0.0599,0.4563,0.4838,DEGRADED
402,431,2026-06-06 09:29:21+00:00,30.36288135,119.9728668,151.23719791521768,277.1326553166743,0.0219,0.4369,0.5413,DEGRADED,0.0221,0.4206,0.5573,DEGRADED,0.0305,0.4131,0.5564,DEGRADED
403,432,2026-06-06 09:29:22+00:00,30.36288135,119.9728668,151.23719791521768,277.1326553166743,0.018,0.3512,0.6308,DEGRADED,0.0181,0.374,0.6079,DEGRADED,0.0217,0.3879,0.5904,DEGRADED
404,433,2026-06-06 09:29:23+00:00,30.362890833333335,119.97290727166667,155.12464319175896,278.1883351550446,0.0309,0.4059,0.5631,DEGRADED,0.0287,0.4076,0.5637,DEGRADED,0.0274,0.4194,0.5532,DEGRADED
405,434,2026-06-06 09:29:24+00:00,30.36289552,119.972926215,156.9442166791897,278.71005250158885,0.0367,0.4658,0.4975,DEGRADED,0.0334,0.4384,0.5282,DEGRADED,0.0324,0.4391,0.5285,DEGRADED
406,435,2026-06-06 09:29:25+00:00,30.362885088333332,119.972934175,157.7088025476075,277.5488046797355,0.041,0.5054,0.4536,WARNING,0.038,0.4557,0.5062,DEGRADED,0.0382,0.4506,0.5112,DEGRADED
407,436,2026-06-06 09:29:26+00:00,30.362885088333332,119.972934175,157.7088025476075,277.5488046797355,0.0226,0.406,0.5714,DEGRADED,0.0204,0.4075,0.5722,DEGRADED,0.0251,0.4127,0.5622,DEGRADED
408,437,2026-06-06 09:29:27+00:00,30.3629394,119.97305520166667,169.33383759837653,283.5947517571412,0.0325,0.4437,0.5238,DEGRADED,0.0298,0.4298,0.5404,DEGRADED,0.029,0.4375,0.5335,DEGRADED
409,438,2026-06-06 09:29:28+00:00,30.36295456,119.97307010833333,170.76567511950125,285.2823552375554,0.0333,0.4876,0.4791,WARNING,0.0314,0.4474,0.5212,DEGRADED,0.0316,0.4466,0.5218,DEGRADED
410,439,2026-06-06 09:29:29+00:00,30.36295456,119.97307010833333,170.76567511950125,285.2823552375554,0.0211,0.3954,0.5835,DEGRADED,0.0186,0.3998,0.5816,DEGRADED,0.022,0.408,0.57,DEGRADED
411,440,2026-06-06 09:29:30+00:00,30.363096386666665,119.97307211666667,170.95858256815336,301.0704275518325,0.0331,0.4294,0.5375,DEGRADED,0.0292,0.4249,0.546,DEGRADED,0.0268,0.4359,0.5373,DEGRADED
412,441,2026-06-06 09:29:31+00:00,30.363096386666665,119.97307211666667,170.95858256815336,301.0704275518325,0.021,0.3711,0.6079,DEGRADED,0.0173,0.3969,0.5858,DEGRADED,0.0186,0.4126,0.5688,DEGRADED
413,442,2026-06-06 09:29:32+00:00,30.363069901666666,119.973087435,172.42996211448704,298.1221308383689,0.0373,0.4228,0.5398,DEGRADED,0.0309,0.4349,0.5342,DEGRADED,0.0261,0.448,0.5259,DEGRADED
414,443,2026-06-06 09:29:33+00:00,30.363064488333332,119.97308543333334,172.23769502542757,297.5195213279874,0.0393,0.4867,0.4741,WARNING,0.0332,0.4661,0.5008,DEGRADED,0.0296,0.4651,0.5052,DEGRADED
415,444,2026-06-06 09:29:34+00:00,30.36305908,119.97307134833333,170.88478146115645,296.91746841547274,0.0364,0.5247,0.4389,WARNING,0.0324,0.4807,0.4869,DEGRADED,0.031,0.4737,0.4954,DEGRADED
416,445,2026-06-06 09:29:35+00:00,30.36305908,119.97307134833333,170.88478146115645,296.91746841547274,0.0215,0.4262,0.5523,DEGRADED,0.0188,0.424,0.5573,DEGRADED,0.0222,0.4247,0.5531,DEGRADED
417,446,2026-06-06 09:29:36+00:00,30.36305908,119.97307134833333,170.88478146115645,296.91746841547274,0.0185,0.3433,0.6382,DEGRADED,0.0165,0.3793,0.6042,DEGRADED,0.0176,0.4022,0.5802,DEGRADED
418,447,2026-06-06 09:29:37+00:00,30.36305908,119.97307134833333,170.88478146115645,296.91746841547274,0.0183,0.2982,0.6835,DEGRADED,0.0164,0.3625,0.6211,DEGRADED,0.0162,0.4028,0.581,DEGRADED
419,448,2026-06-06 09:29:38+00:00,30.36305908,119.97307134833333,170.88478146115645,296.91746841547274,0.0185,0.2731,0.7084,DEGRADED,0.0166,0.359,0.6244,DEGRADED,0.0157,0.4107,0.5736,DEGRADED
420,449,2026-06-06 09:29:39+00:00,30.36305908,119.97307134833333,170.88478146115645,296.91746841547274,0.0187,0.2583,0.723,DEGRADED,0.0169,0.3602,0.6229,DEGRADED,0.0153,0.4186,0.566,DEGRADED
421,450,2026-06-06 09:29:40+00:00,30.36305908,119.97307134833333,170.88478146115645,296.91746841547274,0.0188,0.2537,0.7275,DEGRADED,0.0169,0.3673,0.6158,DEGRADED,0.015,0.4289,0.5561,DEGRADED
422,451,2026-06-06 09:29:41+00:00,30.36305908,119.97307134833333,170.88478146115645,296.91746841547274,0.0187,0.2519,0.7294,DEGRADED,0.0167,0.3739,0.6095,DEGRADED,0.0146,0.4361,0.5493,DEGRADED
423,452,2026-06-06 09:29:42+00:00,30.36305908,119.97307134833333,170.88478146115645,296.91746841547274,0.0185,0.2553,0.7262,DEGRADED,0.0163,0.3824,0.6013,DEGRADED,0.0141,0.4436,0.5423,DEGRADED
424,453,2026-06-06 09:29:43+00:00,30.362886575,119.97313542333333,177.03940953961435,277.71429965631546,0.0404,0.3573,0.6023,DEGRADED,0.0327,0.442,0.5253,DEGRADED,0.0254,0.4709,0.5038,DEGRADED
425,454,2026-06-06 09:29:44+00:00,30.362886575,119.97313542333333,177.03940953961435,277.71429965631546,0.0216,0.3443,0.6341,DEGRADED,0.016,0.4285,0.5555,DEGRADED,0.0152,0.4564,0.5285,DEGRADED
426,455,2026-06-06 09:29:45+00:00,30.362886575,119.97313542333333,177.03940953961435,277.71429965631546,0.0206,0.3172,0.6622,DEGRADED,0.016,0.4143,0.5697,DEGRADED,0.0142,0.4527,0.533,DEGRADED
427,456,2026-06-06 09:29:46+00:00,30.362886575,119.97313542333333,177.03940953961435,277.71429965631546,0.0198,0.3039,0.6763,DEGRADED,0.0158,0.4095,0.5747,DEGRADED,0.0139,0.4512,0.5349,DEGRADED
428,457,2026-06-06 09:29:47+00:00,30.362886575,119.97313542333333,177.03940953961435,277.71429965631546,0.0198,0.2981,0.682,DEGRADED,0.016,0.4086,0.5754,DEGRADED,0.0141,0.4515,0.5344,DEGRADED
429,458,2026-06-06 09:29:48+00:00,30.362886575,119.97313542333333,177.03940953961435,277.71429965631546,0.0199,0.2951,0.685,DEGRADED,0.0162,0.4085,0.5753,DEGRADED,0.0142,0.4518,0.534,DEGRADED
430,459,2026-06-06 09:29:49+00:00,30.362886575,119.97313542333333,177.03940953961435,277.71429965631546,0.0204,0.2925,0.6871,DEGRADED,0.0165,0.4064,0.577,DEGRADED,0.0144,0.448,0.5376,DEGRADED
431,460,2026-06-06 09:29:50+00:00,30.362831808333333,119.97332549166667,195.2961383926107,271.61770221055434,0.0492,0.3779,0.5729,DEGRADED,0.0382,0.4359,0.5259,DEGRADED,0.0294,0.438,0.5327,DEGRADED
432,461,2026-06-06 09:29:51+00:00,30.362837358333334,119.97335882333333,198.49776167135568,272.2355253846339,0.0587,0.4453,0.496,DEGRADED,0.0435,0.4619,0.4946,DEGRADED,0.0344,0.4585,0.5072,DEGRADED
433,462,2026-06-06 09:29:52+00:00,30.362837358333334,119.97335882333333,198.49776167135568,272.2355253846339,0.0248,0.3956,0.5796,DEGRADED,0.0184,0.4378,0.5438,DEGRADED,0.0192,0.4545,0.5263,DEGRADED
434,463,2026-06-06 09:29:53+00:00,30.362771593333335,119.97325333833334,188.36555811551239,264.91459907288413,0.0442,0.4374,0.5184,DEGRADED,0.0349,0.4597,0.5054,DEGRADED,0.0289,0.4716,0.4995,DEGRADED
435,464,2026-06-06 09:29:54+00:00,30.362763843333333,119.973267925,189.76665851794442,264.0518730186575,0.0588,0.486,0.4552,WARNING,0.044,0.4764,0.4796,DEGRADED,0.036,0.4757,0.4884,DEGRADED
436,465,2026-06-06 09:29:55+00:00,30.362771038333335,119.97327839666667,190.77249876185147,264.8528167549805,0.0748,0.4998,0.4254,WARNING,0.0557,0.4729,0.4714,WARNING,0.0463,0.4715,0.4822,DEGRADED
437,466,2026-06-06 09:29:56+00:00,30.362779458333332,119.97328910333333,191.8009115799716,265.79012686742715,0.0845,0.5126,0.4029,WARNING,0.0641,0.4764,0.4595,WARNING,0.0543,0.4776,0.4681,WARNING
438,467,2026-06-06 09:29:57+00:00,30.36279294,119.97329689,192.54884817474584,267.29089913598455,0.1053,0.5132,0.3815,WARNING,0.0847,0.4575,0.4578,DEGRADED,0.0764,0.4578,0.4658,DEGRADED
439,468,2026-06-06 09:29:58+00:00,30.36279294,119.97329689,192.54884817474584,267.29089913598455,0.0371,0.4326,0.5303,DEGRADED,0.0331,0.4236,0.5433,DEGRADED,0.0415,0.4299,0.5286,DEGRADED
440,469,2026-06-06 09:29:59+00:00,30.362806626666668,119.97331691833334,194.47263971051387,268.8144919000891,0.0578,0.4831,0.4591,WARNING,0.05,0.4633,0.4867,DEGRADED,0.0475,0.4716,0.4809,DEGRADED
441,470,2026-06-06 09:30:00+00:00,30.362810555,119.973321725,194.9343368724929,269.25179196580484,0.0697,0.5199,0.4104,WARNING,0.0605,0.4722,0.4672,WARNING,0.0578,0.4706,0.4716,DEGRADED
442,471,2026-06-06 09:30:01+00:00,30.362811085,119.97333230833334,195.95090309191798,269.31079129649845,0.0922,0.5288,0.379,WARNING,0.0785,0.4678,0.4537,WARNING,0.0738,0.4634,0.4628,WARNING
443,472,2026-06-06 09:30:02+00:00,30.36280607,119.97334352,197.02782292799537,268.75252405027123,0.1346,0.5086,0.3568,WARNING,0.1175,0.4372,0.4452,DEGRADED,0.1141,0.4331,0.4528,DEGRADED
444,473,2026-06-06 09:30:03+00:00,30.36280607,119.97334352,197.02782292799537,268.75252405027123,0.0424,0.4308,0.5268,DEGRADED,0.04,0.4175,0.5426,DEGRADED,0.0515,0.4277,0.5207,DEGRADED
445,474,2026-06-06 09:30:04+00:00,30.36280607,119.97334352,197.02782292799537,268.75252405027123,0.0296,0.3618,0.6085,DEGRADED,0.0291,0.39,0.5809,DEGRADED,0.035,0.4169,0.5481,DEGRADED
446,475,2026-06-06 09:30:05+00:00,30.362804183333335,119.97338792166667,201.2927584637971,268.5425012776228,0.0625,0.4334,0.5041,DEGRADED,0.056,0.4339,0.5101,DEGRADED,0.0519,0.4505,0.4976,DEGRADED
447,476,2026-06-06 09:30:06+00:00,30.362808206666667,119.97340600333334,203.02956585148254,268.99037669572806,0.0997,0.4812,0.4191,WARNING,0.0832,0.4486,0.4683,DEGRADED,0.0747,0.4544,0.4709,DEGRADED
448,477,2026-06-06 09:30:07+00:00,30.362808206666667,119.97340600333334,203.02956585148254,268.99037669572806,0.0376,0.4133,0.549,DEGRADED,0.0322,0.424,0.5438,DEGRADED,0.038,0.4399,0.5221,DEGRADED
449,478,2026-06-06 09:30:08+00:00,30.362868403333334,119.97355131333333,216.98710008444516,275.6914389759693,0.062,0.4592,0.4788,DEGRADED,0.0528,0.454,0.4932,DEGRADED,0.0481,0.4677,0.4842,DEGRADED
450,479,2026-06-06 09:30:09+00:00,30.362887178333335,119.97355717,217.54965342278635,277.78146241601684,0.0753,0.5085,0.4162,WARNING,0.0613,0.4745,0.4642,WARNING,0.0541,0.4765,0.4695,WARNING
451,480,2026-06-06 09:30:10+00:00,30.362916948333332,119.973550275,216.88736453370404,281.09544365680847,0.0837,0.5324,0.3839,WARNING,0.0676,0.4815,0.4508,WARNING,0.0603,0.4779,0.4618,WARNING
452,481,2026-06-06 09:30:11+00:00,30.362930875,119.97355036833333,216.89632952645243,282.6457530986957,0.0923,0.54,0.3677,WARNING,0.075,0.4801,0.4449,WARNING,0.0677,0.4757,0.4565,WARNING
453,482,2026-06-06 09:30:12+00:00,30.362932601666667,119.97356125833333,217.94235215271698,282.8379647523503,0.0992,0.5378,0.363,WARNING,0.0824,0.4731,0.4444,WARNING,0.0764,0.4717,0.4519,WARNING
454,483,2026-06-06 09:30:13+00:00,30.362932601666667,119.97356125833333,217.94235215271698,282.8379647523503,0.0357,0.4425,0.5218,DEGRADED,0.0315,0.431,0.5375,DEGRADED,0.0377,0.4448,0.5175,DEGRADED
455,484,2026-06-06 09:30:14+00:00,30.362918155,119.97360186,221.84228438510195,281.2297691755032,0.0624,0.4737,0.464,WARNING,0.0537,0.4512,0.4951,DEGRADED,0.0494,0.4653,0.4853,DEGRADED
456,485,2026-06-06 09:30:15+00:00,30.36291212,119.97361879333333,223.46879033520443,280.5579560486994,0.0793,0.5033,0.4174,WARNING,0.0666,0.4594,0.4739,DEGRADED,0.0604,0.4674,0.4722,DEGRADED
457,486,2026-06-06 09:30:16+00:00,30.36291105666667,119.97363487333334,225.01333063138637,280.4395863234838,0.0935,0.5164,0.39,WARNING,0.0778,0.4637,0.4585,WARNING,0.07,0.4707,0.4593,WARNING
458,487,2026-06-06 09:30:17+00:00,30.362911878333332,119.97364664833333,226.14436060619428,280.5310538382944,0.1076,0.5227,0.3696,WARNING,0.088,0.4684,0.4436,WARNING,0.0773,0.4751,0.4476,WARNING
459,488,2026-06-06 09:30:18+00:00,30.362911235,119.97365549833333,226.9944340891839,280.45943829919855,0.1075,0.5276,0.365,WARNING,0.0877,0.471,0.4413,WARNING,0.0776,0.4771,0.4453,WARNING
460,489,2026-06-06 09:30:19+00:00,30.362910918333334,119.97366237333334,227.65480191170843,280.42418712716346,0.1049,0.5307,0.3644,WARNING,0.0857,0.4731,0.4412,WARNING,0.0767,0.4787,0.4446,WARNING
461,490,2026-06-06 09:30:20+00:00,30.362911555,119.97367130833334,228.51303994162168,280.4950605364782,0.0977,0.536,0.3663,WARNING,0.0803,0.4755,0.4442,WARNING,0.073,0.4781,0.4489,WARNING
462,491,2026-06-06 09:30:21+00:00,30.362911475,119.97367951666666,229.30147909610574,280.48615497698125,0.0955,0.5359,0.3686,WARNING,0.0804,0.4736,0.446,WARNING,0.0752,0.4784,0.4464,WARNING
463,492,2026-06-06 09:30:22+00:00,30.362915298333334,119.97368802166666,230.11841412292844,280.9117664966982,0.1475,0.4923,0.3602,WARNING,0.1246,0.4362,0.4392,DEGRADED,0.1135,0.4572,0.4293,WARNING
464,493,2026-06-06 09:30:23+00:00,30.362917023333335,119.973696295,230.91309675533435,281.10379261843855,0.1406,0.4962,0.3631,WARNING,0.1192,0.4375,0.4433,DEGRADED,0.1098,0.4556,0.4346,WARNING
465,494,2026-06-06 09:30:24+00:00,30.362920186666667,119.97370587166667,231.83296911619712,281.45593327425297,0.1339,0.5017,0.3644,WARNING,0.113,0.4423,0.4447,DEGRADED,0.1051,0.4549,0.44,WARNING
466,495,2026-06-06 09:30:25+00:00,30.362924853333332,119.97371259,232.47828855428358,281.97542423145404,0.1273,0.507,0.3657,WARNING,0.1087,0.4452,0.4461,DEGRADED,0.1037,0.4532,0.4431,WARNING
467,496,2026-06-06 09:30:26+00:00,30.362928958333335,119.973720975,233.2836971597635,282.4323907409704,0.1412,0.495,0.3638,WARNING,0.1217,0.4327,0.4456,DEGRADED,0.117,0.4428,0.4402,WARNING
468,497,2026-06-06 09:30:27+00:00,30.36293242,119.973731925,234.33548299547746,282.8177417113909,0.1783,0.4628,0.3589,WARNING,0.1576,0.4009,0.4415,DEGRADED,0.153,0.4207,0.4264,DEGRADED
469,498,2026-06-06 09:30:28+00:00,30.362936056666666,119.97374142333334,235.24783116656522,283.22257359298976,0.292,0.3723,0.3357,WARNING,0.2598,0.3234,0.4168,DEGRADED,0.2482,0.3597,0.3921,DEGRADED
470,499,2026-06-06 09:30:29+00:00,30.362940983333335,119.97374604833334,235.69207860907593,283.7710076180248,0.3423,0.3317,0.326,CLEAN,0.3066,0.2884,0.405,DEGRADED,0.2944,0.3263,0.3793,DEGRADED
471,500,2026-06-06 09:30:30+00:00,30.362944041666665,119.97374522166666,235.61267438130585,284.1114597271322,0.417,0.2726,0.3104,CLEAN,0.3801,0.2368,0.3831,DEGRADED,0.3697,0.2776,0.3527,CLEAN
472,501,2026-06-06 09:30:31+00:00,30.362944041666665,119.97374522166666,235.61267438130585,284.1114597271322,0.0848,0.3291,0.586,DEGRADED,0.0877,0.3339,0.5784,DEGRADED,0.1215,0.3645,0.514,DEGRADED
473,502,2026-06-06 09:30:32+00:00,30.362944041666665,119.97374522166666,235.61267438130585,284.1114597271322,0.0368,0.2762,0.687,DEGRADED,0.0458,0.3219,0.6323,DEGRADED,0.0625,0.3577,0.5799,DEGRADED
474,503,2026-06-06 09:30:33+00:00,30.362944041666665,119.97374522166666,235.61267438130585,284.1114597271322,0.0232,0.2064,0.7704,DEGRADED,0.0356,0.2873,0.6771,DEGRADED,0.0496,0.3432,0.6072,DEGRADED
475,504,2026-06-06 09:30:34+00:00,30.362944041666665,119.97374522166666,235.61267438130585,284.1114597271322,0.0189,0.1697,0.8114,DEGRADED,0.0331,0.2755,0.6914,DEGRADED,0.0462,0.3453,0.6085,DEGRADED
476,505,2026-06-06 09:30:35+00:00,30.36310123,119.97372730333333,233.891555732763,301.6095849528341,0.081,0.2913,0.6277,DEGRADED,0.0873,0.3591,0.5536,DEGRADED,0.0923,0.3949,0.5128,DEGRADED
477,506,2026-06-06 09:30:36+00:00,30.36310123,119.97372730333333,233.891555732763,301.6095849528341,0.0375,0.238,0.7245,DEGRADED,0.0479,0.3417,0.6104,DEGRADED,0.0665,0.3712,0.5623,DEGRADED
478,507,2026-06-06 09:30:37+00:00,30.362977858333334,119.97377835,238.79476678290462,287.8759138413249,0.248,0.2314,0.5206,DEGRADED,0.2888,0.2794,0.4319,DEGRADED,0.3107,0.2815,0.4078,DEGRADED
479,508,2026-06-06 09:30:38+00:00,30.362976071666665,119.97378451333333,239.38677652564127,287.6770230175166,0.4391,0.1852,0.3756,CLEAN,0.482,0.1902,0.3277,CLEAN,0.4821,0.2003,0.3176,CLEAN
480,509,2026-06-06 09:30:39+00:00,30.362972148333334,119.97379410833334,240.30840986927373,287.24027954825146,0.5497,0.1456,0.3047,CLEAN,0.5872,0.1351,0.2777,CLEAN,0.5775,0.1539,0.2685,CLEAN
481,510,2026-06-06 09:30:40+00:00,30.362970133333334,119.97380757333333,241.60177026027318,287.01597077430836,0.6011,0.1244,0.2745,CLEAN,0.6325,0.111,0.2565,CLEAN,0.6177,0.1364,0.2459,CLEAN
482,511,2026-06-06 09:30:41+00:00,30.362963578333332,119.97382326833333,243.10932995984066,286.2862715125447,0.6299,0.1103,0.2598,CLEAN,0.655,0.0984,0.2466,CLEAN,0.6364,0.1302,0.2334,CLEAN
483,512,2026-06-06 09:30:42+00:00,30.362954066666667,119.97383880833334,244.60200136609018,285.2274376224279,0.654,0.0947,0.2514,CLEAN,0.6748,0.0853,0.2399,CLEAN,0.6603,0.1203,0.2194,CLEAN
484,513,2026-06-06 09:30:43+00:00,30.362940535,119.97385212833333,245.88143399827266,283.7210993794504,0.6886,0.0696,0.2417,CLEAN,0.7047,0.0659,0.2294,CLEAN,0.6935,0.102,0.2045,CLEAN
485,514,2026-06-06 09:30:44+00:00,30.362929553333334,119.97386016333333,246.65322387911317,282.4986258382684,0.7004,0.0502,0.2494,CLEAN,0.7185,0.0503,0.2312,CLEAN,0.723,0.0823,0.1947,CLEAN
486,515,2026-06-06 09:30:45+00:00,30.362917703333334,119.97386619,247.23210631130164,281.1794898723923,0.699,0.0407,0.2603,CLEAN,0.7196,0.0435,0.2369,CLEAN,0.7361,0.0735,0.1904,CLEAN
487,516,2026-06-06 09:30:46+00:00,30.362917703333334,119.97386619,247.23210631130164,281.1794898723923,0.2608,0.0286,0.7106,DEGRADED,0.4078,0.0483,0.5439,DEGRADED,0.5854,0.0907,0.3239,CLEAN
488,517,2026-06-06 09:30:47+00:00,30.362892126666665,119.97378219833334,239.16441267259373,278.3323083623092,0.5559,0.0559,0.3882,CLEAN,0.6155,0.0693,0.3153,CLEAN,0.6633,0.1006,0.2361,CLEAN
489,518,2026-06-06 09:30:48+00:00,30.36287262,119.97380436,241.29311834438502,276.16083616268173,0.6516,0.0471,0.3013,CLEAN,0.6901,0.0536,0.2563,CLEAN,0.7069,0.0853,0.2078,CLEAN
490,519,2026-06-06 09:30:49+00:00,30.362839375,119.97391822666667,252.230410328356,272.4600196911993,0.6805,0.0404,0.2791,CLEAN,0.713,0.0443,0.2427,CLEAN,0.7292,0.0742,0.1967,CLEAN
491,520,2026-06-06 09:30:50+00:00,30.362826931666667,119.973927095,253.08224479167126,271.07483416064747,0.6891,0.0373,0.2736,CLEAN,0.7184,0.0405,0.2411,CLEAN,0.7386,0.0692,0.1923,CLEAN
492,521,2026-06-06 09:30:51+00:00,30.362813345,119.97393620666666,253.95745227746838,269.5623733453831,0.6882,0.0348,0.277,CLEAN,0.7143,0.0371,0.2485,CLEAN,0.7484,0.0629,0.1887,CLEAN
493,522,2026-06-06 09:30:52+00:00,30.36280341166667,119.973934545,253.79784337610334,268.4565997372323,0.6834,0.0335,0.2831,CLEAN,0.7072,0.0358,0.2571,CLEAN,0.7506,0.0607,0.1886,CLEAN
494,523,2026-06-06 09:30:53+00:00,30.362793373333332,119.97393456833333,253.80008462490144,267.3391375816664,0.6726,0.0312,0.2962,CLEAN,0.6929,0.0333,0.2738,CLEAN,0.7552,0.0561,0.1887,CLEAN
495,524,2026-06-06 09:30:54+00:00,30.362782966666668,119.973929575,253.32045747498165,266.18067274773125,0.6568,0.0289,0.3143,CLEAN,0.6758,0.0314,0.2927,CLEAN,0.7555,0.0532,0.1913,CLEAN
496,525,2026-06-06 09:30:55+00:00,30.362772948333333,119.97393010666667,253.37152592153333,265.0654369822167,0.6358,0.0262,0.338,CLEAN,0.6529,0.0294,0.3177,CLEAN,0.7558,0.0497,0.1945,CLEAN
497,526,2026-06-06 09:30:56+00:00,30.36276607,119.97392523666667,252.9037453703086,264.29974441792876,0.6202,0.0251,0.3546,CLEAN,0.6374,0.029,0.3335,CLEAN,0.7525,0.0494,0.1982,CLEAN
498,527,2026-06-06 09:30:57+00:00,30.362759348333334,119.97392192333334,252.5854881045235,263.5514919080983,0.6158,0.0255,0.3587,CLEAN,0.6339,0.0299,0.3363,CLEAN,0.7482,0.0512,0.2007,CLEAN
499,528,2026-06-06 09:30:58+00:00,30.36275217,119.973918135,252.22160542428375,262.75240349658196,0.6148,0.0259,0.3594,CLEAN,0.6324,0.0309,0.3367,CLEAN,0.7445,0.054,0.2016,CLEAN
500,529,2026-06-06 09:30:59+00:00,30.362741758333332,119.97391221166667,251.65264851934458,261.5933820647799,0.6107,0.0255,0.3639,CLEAN,0.6273,0.0311,0.3415,CLEAN,0.744,0.0552,0.2008,CLEAN
501,530,2026-06-06 09:31:00+00:00,30.36273193,119.97390606333333,251.06207957713724,260.499297002628,0.6067,0.0251,0.3682,CLEAN,0.6243,0.0313,0.3443,CLEAN,0.7435,0.0563,0.2002,CLEAN
502,531,2026-06-06 09:31:01+00:00,30.362725298333334,119.973899065,250.38986515836166,259.76106324590387,0.6111,0.0258,0.3631,CLEAN,0.6347,0.0333,0.3319,CLEAN,0.736,0.0617,0.2023,CLEAN
503,532,2026-06-06 09:31:02+00:00,30.362722615,119.97389406,249.90911738770887,259.4623559456549,0.6177,0.0257,0.3566,CLEAN,0.6433,0.0338,0.3229,CLEAN,0.7359,0.0629,0.2011,CLEAN
504,533,2026-06-06 09:31:03+00:00,30.362722155,119.973886025,249.13732750442432,259.41114898014075,0.6309,0.0264,0.3427,CLEAN,0.6569,0.034,0.3091,CLEAN,0.737,0.0626,0.2004,CLEAN
505,534,2026-06-06 09:31:04+00:00,30.362722155,119.973886025,249.13732750442432,259.41114898014075,0.2777,0.0225,0.6998,DEGRADED,0.4109,0.0381,0.551,DEGRADED,0.5984,0.0768,0.3249,CLEAN
