timestamp,source,scenario,lat,lon,alt,lat_std,lon_std,mean_cnr,min_cnr,max_cnr,std_cnr,cnr_trend,num_satellites,sat_mean,sat_min,sat_visibility,sat_drop_rate,pdop,hdop,vdop,gdop,dop_ratio,solution_status,baseline_sats,solution_age,fix_continuity,fix_transitions,position_variance,cnr_variance,elevation_violations,multipath,clock_bias,iono_delay,tropo_delay,cycle_slips,residual_mean,residual_std,label,label_name
2026-05-05 09:01:09.100000+00:00,scenario_a_r1,scenario_a,30.35998241,119.97083116,15.0053,2.0065,4.4465,36.75,36.75,36.75,0.0,0.0,20.0,19.5,19.0,0.4,0.0,1.9,1.4,1.3,1.96468827043885,1.0769230769230769,0.8,20.0,0.0,1.0,0.0,8.499999999999904e-05,0.0,0.0,0.00011564625850340005,0.0,0.0,2.12593852,0.0,7.1105,0.18738329701443548,0,CLEAN
2026-05-05 09:01:10+00:00,scenario_a_r1,scenario_a,30.359982065,119.97083174333333,15.0264,2.0016666666666665,4.449666666666666,37.0,36.75,37.5,0.3535533905932738,0.37500000000000305,18.0,19.0,18.0,0.36,-2.0,2.1,1.5,1.6,2.1587033144922905,0.9375,0.8,18.0,0.0,1.0,0.0,0.00014266666666666898,0.12500000000000003,0.0,0.0001927927927927959,0.0,0.0,2.12569376,0.0,6.667000000000001,0.7795081782765334,0,CLEAN
2026-05-05 09:01:11+00:00,scenario_a_r1,scenario_a,30.359977685,119.97083223166666,14.9636,2.007,4.4795,36.5,35.0,37.5,0.9185586535436918,-0.4499999999999974,18.0,18.75,18.0,0.36,-1.0,2.1,1.5,1.6,2.1587033144922905,0.9375,0.8,18.0,0.0,1.0,0.0,0.0037689999999999963,0.84375,0.0,0.005163013698630131,0.0,0.0,2.1264222399999997,0.0,8.50425,3.729214249230884,0,CLEAN
2026-05-05 09:01:12+00:00,scenario_a_r1,scenario_a,30.35996668,119.97083116833333,15.201,2.0792,4.8814,36.29565217391304,35.0,37.5,0.9176230904384761,-0.42934782608695826,16.0,18.2,16.0,0.32,-1.3333333333333333,2.8,1.7,2.3,2.8442925306655784,0.7391304347826088,0.8,16.0,0.0,1.0,0.0,0.8365089999999998,0.8420321361058597,0.0,1.1523542764734065,0.0,0.0,2.1236683999999997,0.0,9.548,3.9846391932018137,0,CLEAN
2026-05-05 09:01:13+00:00,scenario_a_r1,scenario_a,30.359956141666668,119.97083072,15.3728,2.1483333333333334,5.0755,36.200922266139656,35.0,37.5,0.8640383231597163,-0.3265386787125921,17.0,18.0,16.0,0.34,-1.0,2.7,1.7,2.1,2.7459060435491964,0.8095238095238094,0.8,17.0,0.0,1.0,0.0,0.9239325666666668,0.7465622238886543,0.0,1.276117442359835,0.0,0.0,2.1216755199999997,0.0,10.6135,4.417422449800336,0,CLEAN
2026-05-05 09:01:14+00:00,scenario_a_r1,scenario_a,30.359948356666667,119.97083354666667,15.2476,2.1775714285714285,5.222571428571428,36.09429700734048,35.0,37.5,0.8415011304227636,-0.28405561829474685,17.0,17.857142857142858,16.0,0.34,-0.8,2.4,1.6,1.7,2.4515301344262523,0.9411764705882354,0.8,17.0,0.0,1.0,0.0,0.927337904761905,0.708124152502789,0.0,1.2846044689183345,0.0,0.0,2.12312784,0.0,11.419,4.561048417487657,0,CLEAN
2026-05-05 09:01:15+00:00,scenario_a_r1,scenario_a,30.359943213333334,119.970841095,14.46,2.2025,5.3294999999999995,36.157509881422925,35.0,37.5,0.8047233720902338,-0.14722849614154018,16.0,17.625,16.0,0.32,-0.8333333333333334,2.5,1.7,1.9,2.5495097567963922,0.8947368421052632,0.8,16.0,0.0,1.0,0.0,0.8913022857142859,0.6475797055882769,0.0,1.2325271964762996,0.0,0.0,2.1322639999999997,1.0,12.041125,4.574669213256221,0,CLEAN
2026-05-05 09:01:16+00:00,scenario_a_r1,scenario_a,30.359939148333332,119.97085089166667,13.1123,2.2184444444444447,5.398777777777777,36.053052261747915,35.0,37.5,0.814197494120874,-0.16573451910408266,17.0,17.555555555555557,16.0,0.34,-0.7142857142857143,2.7,1.7,2.1,2.7459060435491964,0.8095238095238094,0.8,17.0,0.0,1.0,0.0,0.8253722222222224,0.6629175594327107,0.0,1.1446634479515867,0.0,0.0,2.1478973199999998,1.0,12.111777777777778,4.284457368727625,0,CLEAN
2026-05-05 09:01:17+00:00,scenario_a_r1,scenario_a,30.359930076666668,119.97085556333333,12.5168,2.2671,5.6679,35.94339920948617,34.95652173913044,37.5,0.839547455670195,-0.18034495149119537,17.0,17.5,16.0,0.34,-0.625,1.8,1.3,1.2,1.8681541692269406,1.0833333333333335,0.8,17.0,0.0,1.0,0.0,1.4816055333333333,0.704839930322298,0.0,2.0610258989393366,0.0,0.0,2.15480512,0.0,14.058699999999998,7.363560069694549,0,CLEAN
2026-05-05 09:01:18+00:00,scenario_a_r1,scenario_a,30.359921115,119.9708576,12.4232,2.387272727272727,5.973272727272728,35.74399928135106,33.75,37.5,1.0190028883291378,-0.23495867768594966,13.0,17.09090909090909,13.0,0.26,-1.0,1.9,1.4,1.3,1.96468827043885,1.0769230769230769,0.8,13.0,0.0,1.0,0.0,2.5180788363636357,1.0383668864231252,0.0,3.5223798217752997,0.0,0.0,2.15589088,0.0,16.110272727272726,9.751834310435234,0,CLEAN
2026-05-05 09:01:19+00:00,scenario_a_r1,scenario_a,30.35991856,119.97085420333333,12.8789,2.9131666666666667,6.551416666666667,35.16533267457181,28.8,37.5,2.1529611636929538,-0.4478143398103868,15.0,16.916666666666668,13.0,0.3,-0.9,1.8,1.3,1.2,1.8681541692269406,1.0833333333333335,0.8,15.0,0.0,1.0,0.0,9.61894078030303,4.635241772370118,0.0,13.6767379244197,0.0,0.0,2.15060476,1.0,17.919749999999997,11.213539625462522,0,CLEAN
2026-05-05 09:01:20+00:00,scenario_a_r1,scenario_a,30.359923543333334,119.97085675833333,12.691,4.188461538461539,8.50923076923077,34.26030708422012,23.4,37.5,3.7560006047994534,-0.7397222342874509,7.0,16.153846153846153,7.0,0.14,-1.5454545454545454,3.2,2.0,2.5,3.23882694814033,0.8,0.8,7.0,0.0,1.0,0.0,79.78973229487181,14.10754054325386,0.0,116.44631803610129,0.0,0.0,2.1527844,0.0,21.894846153846153,17.90762158898716,1,WARNING
2026-05-05 09:01:21+00:00,scenario_a_r1,scenario_a,30.359938153333335,119.97087914666666,9.7131,5.535214285714285,11.163357142857143,33.355999435347265,21.6,37.5,4.871437086261938,-0.9535008469791099,9.0,15.642857142857142,7.0,0.18,-1.4166666666666667,2.4,1.8,1.6,2.4515301344262523,1.125,0.8,9.0,0.0,1.0,0.0,197.66587735164833,23.730899285408203,0.0,296.29733885620334,0.0,0.0,2.1873280399999997,0.0,25.10342857142857,20.979633232528844,1,WARNING
2026-05-05 09:01:22+00:00,scenario_a_r1,scenario_a,30.359939503333333,119.970891535,8.8624,7.109466666666666,13.783466666666667,32.50369471108601,20.571428571428573,37.5,5.684959642338739,-1.0943337097684913,7.0,15.066666666666666,7.0,0.14,-1.4615384615384615,2.8,1.9,2.1,2.8442925306655784,0.9047619047619047,0.8,7.0,0.0,1.0,0.0,323.69555324761905,32.3187661350202,0.0,497.93655171332944,0.0,0.0,2.19719616,0.0,30.55773333333333,29.23948850067238,1,WARNING
2026-05-05 09:01:23+00:00,scenario_a_r1,scenario_a,,,,7.109466666666667,13.783466666666667,31.69096379164314,19.5,37.5,6.340884517388593,-1.1880622031421257,0.0,14.125,0.0,0.0,-1.8571428571428572,,,,,,0.0,0.0,0.0,0.9375,1.0,323.69555324761905,40.20681646285837,0.0,510.7063883821941,0.0,0.0,1.7199999999999998,0.0,30.55773333333333,29.23948850067238,2,DEGRADED
2026-05-05 09:01:24+00:00,scenario_a_r1,scenario_a,,,,7.109466666666667,13.783466666666667,31.02678945095825,19.5,37.5,6.700727608945863,-1.211443282846734,0.0,13.294117647058824,0.0,0.0,-1.7333333333333334,,,,,,0.0,0.0,0.0,0.8823529411764706,1.0,323.69555324761905,44.899750489289346,0.0,521.6388143530942,0.0,0.0,1.7199999999999998,0.0,30.55773333333333,29.23948850067238,2,DEGRADED
2026-05-05 09:01:25+00:00,scenario_a_r1,scenario_a,,,,7.109466666666667,13.783466666666667,30.303078925905012,18.0,37.5,7.163043181203724,-1.2487029303087989,0.0,12.555555555555555,0.0,0.0,-1.625,,,,,,0.0,0.0,0.0,0.8333333333333334,1.0,323.69555324761905,51.30918761578917,0.0,534.096805870943,0.0,0.0,1.7199999999999998,0.0,30.55773333333333,29.23948850067238,2,DEGRADED
2026-05-05 09:01:26+00:00,scenario_a_r1,scenario_a,,,,7.109466666666667,13.783466666666667,29.97133792980475,18.0,37.5,7.1126395698044576,-1.1609197895925574,0.0,11.894736842105264,0.0,0.0,-1.5294117647058822,,,,,,0.0,0.0,0.0,0.7894736842105263,1.0,323.69555324761905,50.58964164994814,0.0,540.0085141439793,0.0,0.0,1.7199999999999998,0.0,30.55773333333333,29.23948850067238,2,DEGRADED
2026-05-05 09:01:27+00:00,scenario_a_r1,scenario_a,,,,7.109466666666667,13.783466666666667,29.67277103331451,18.0,37.5,7.05364169839716,-1.0803789329336906,0.0,11.3,0.0,0.0,-1.4444444444444444,,,,,,0.0,0.0,0.0,0.75,1.0,323.69555324761905,49.75386120936718,0.0,545.4420702471574,0.0,0.0,1.7199999999999998,0.0,30.55773333333333,29.23948850067238,2,DEGRADED
2026-05-05 09:01:28+00:00,scenario_a_r1,scenario_a,,,,7.109466666666667,13.783466666666667,29.402639079347153,18.0,37.5,6.988852207214807,-1.0067268840701935,0.0,10.761904761904763,0.0,0.0,-1.368421052631579,,,,,,0.0,0.0,0.0,0.7142857142857143,1.0,323.69555324761905,48.84405517429128,0.0,550.453230361535,0.0,0.0,1.7199999999999998,0.0,30.55773333333333,29.23948850067238,2,DEGRADED
2026-05-05 09:01:29+00:00,scenario_a_r1,scenario_a,,,,7.109466666666667,13.783466666666667,29.02070093937683,18.0,37.5,7.048920658244846,-0.9750507183141658,0.0,10.272727272727273,0.0,0.0,-1.3,,,,,,0.0,0.0,0.0,0.6818181818181818,1.0,323.69555324761905,49.68728244623095,0.0,557.6976826366239,0.0,0.0,1.7199999999999998,0.0,30.55773333333333,29.23948850067238,2,DEGRADED
2026-05-05 09:01:30+00:00,scenario_a_r1,scenario_a,,,,7.109466666666667,13.783466666666667,28.802409594186532,18.0,37.5,6.96959756862645,-0.9077422148224695,0.0,9.826086956521738,0.0,0.0,-1.2380952380952381,,,,,,0.0,0.0,0.0,0.6521739130434783,1.0,323.69555324761905,48.57529026860372,0.0,561.9244323797021,0.0,0.0,1.7199999999999998,0.0,30.55773333333333,29.23948850067238,2,DEGRADED
2026-05-05 09:01:31+00:00,scenario_a_r1,scenario_a,,,,7.109466666666667,13.783466666666667,28.35230919442876,18.0,37.5,7.156179032666363,-0.9068372449856397,0.0,9.416666666666666,0.0,0.0,-1.1818181818181819,,,,,,0.0,0.0,0.0,0.625,1.0,323.69555324761905,51.21089834757368,0.0,570.8451312163761,0.0,0.0,1.7199999999999998,0.0,30.55773333333333,29.23948850067238,2,DEGRADED
2026-05-05 09:01:32+00:00,scenario_a_r1,scenario_a,,,,7.109466666666667,13.783466666666667,27.93821682665161,18.0,37.5,7.299164483069388,-0.8977619554358687,0.0,9.04,0.0,0.0,-1.1304347826086956,,,,,,0.0,0.0,0.0,0.6,1.0,323.69555324761905,53.27780215090161,0.0,579.3060367024395,0.0,0.0,1.7199999999999998,0.0,30.55773333333333,29.23948850067238,2,DEGRADED
2026-05-05 09:01:33+00:00,scenario_a_r1,scenario_a,,,,7.109466666666667,13.783466666666667,27.78674694870347,18.0,37.5,7.197376884148078,-0.8316705999314694,0.0,8.692307692307692,0.0,0.0,-1.0833333333333333,,,,,,0.0,0.0,0.0,0.5769230769230769,1.0,323.69555324761905,51.80223401246909,0.0,582.4639239799941,0.0,0.0,1.7199999999999998,0.0,30.55773333333333,29.23948850067238,2,DEGRADED
2026-05-05 09:01:34+00:00,scenario_a_r1,scenario_a,,,,7.109466666666667,13.783466666666667,27.646497061714452,18.0,37.5,7.098947355316789,-0.7726165828650303,0.0,8.37037037037037,0.0,0.0,-1.04,,,,,,0.0,0.0,0.0,0.5555555555555556,1.0,323.69555324761905,50.39505355355924,0.0,585.4187467675255,0.0,0.0,1.7199999999999998,0.0,30.55773333333333,29.23948850067238,2,DEGRADED
2026-05-05 09:01:35+00:00,scenario_a_r1,scenario_a,,,,7.109466666666667,13.783466666666667,27.51626502379608,18.0,37.5,7.003796154391614,-0.7196352890345169,0.0,8.071428571428571,0.0,0.0,-1.0,,,,,,0.0,0.0,0.0,0.5357142857142857,1.0,323.69555324761905,49.053160572270755,0.0,588.1894816896242,0.0,0.0,1.7199999999999998,0.0,30.55773333333333,29.23948850067238,2,DEGRADED
2026-05-05 09:01:36+00:00,scenario_a_r1,scenario_a,,,,7.109466666666667,13.783466666666667,27.395014505734146,18.0,37.5,6.911824617590007,-0.6719218637434523,0.0,7.793103448275862,0.0,0.0,-0.9629629629629629,,,,,,0.0,0.0,0.0,0.5172413793103449,1.0,323.69555324761905,47.77331954432324,0.0,590.7928122831714,0.0,0.0,1.7199999999999998,0.0,30.55773333333333,29.23948850067238,2,DEGRADED
2026-05-05 09:01:37+00:00,scenario_a_r1,scenario_a,,,,7.109466666666667,13.783466666666667,27.081847355543008,18.0,37.5,7.001786330238794,-0.6675101640633405,0.0,7.533333333333333,0.0,0.0,-0.9285714285714286,,,,,,0.0,0.0,0.0,0.5,1.0,323.69555324761905,49.02501181431884,0.0,597.6245804025003,0.0,0.0,1.7199999999999998,0.0,30.55773333333333,29.23948850067238,2,DEGRADED
2026-05-05 09:01:38+00:00,scenario_a_r1,scenario_a,,,,7.109466666666667,13.783466666666667,26.788884537622266,18.0,37.5,7.0723670861197805,-0.6598616145425411,0.0,7.290322580645161,0.0,0.0,-0.896551724137931,,,,,,0.0,0.0,0.0,0.4838709677419355,1.0,323.69555324761905,50.018376200830396,0.0,604.1601933686741,0.0,0.0,1.7199999999999998,0.0,30.55773333333333,29.23948850067238,2,DEGRADED
2026-05-05 09:01:39+00:00,scenario_a_r1,scenario_a,,,,7.109466666666667,13.783466666666667,26.51423189582157,18.0,37.5,7.1269739881415015,-0.6498110390024358,0.0,7.0625,0.0,0.0,-0.8666666666666667,,,,,,0.0,0.0,0.0,0.46875,1.0,323.69555324761905,50.79375822764558,0.0,610.4184999955266,0.0,0.0,1.7199999999999998,0.0,30.55773333333333,29.23948850067238,2,DEGRADED
2026-05-05 09:01:40+00:00,scenario_a_r1,scenario_a,,,,7.8945384615384615,15.219923076923077,25.579207118267426,18.0,37.5,6.865641664257411,-0.6300877602411619,0.0,6.032258064516129,0.0,0.0,-0.8,,,,,,0.0,0.0,0.0,0.41935483870967744,1.0,355.8718790128205,47.137035461987274,0.0,695.6272674274452,0.0,0.0,1.7199999999999998,0.0,34.165,29.861522298771042,2,DEGRADED
2026-05-05 09:01:41+00:00,scenario_a_r1,scenario_a,,,,8.386416666666667,16.116916666666665,24.95017486020291,18.0,36.6,6.634030176591622,-0.5990213976066013,0.0,5.451612903225806,0.0,0.0,-0.8,,,,,,0.0,0.0,0.0,0.3870967741935484,1.0,373.3820043484848,44.01035638392827,0.0,748.2552856654574,0.0,0.0,1.7199999999999998,0.0,36.53041666666667,29.890216689072314,2,DEGRADED
2026-05-05 09:01:42+00:00,scenario_a_r1,scenario_a,,,,8.96490909090909,17.16672727272727,24.401787763428718,18.0,36.6,6.481498264921304,-0.5762211640042989,0.0,4.870967741935484,0.0,0.0,-0.7333333333333333,,,,,,0.0,0.0,0.0,0.3548387096774194,1.0,391.7550283090909,42.00981975817787,0.0,802.7178830237581,0.0,0.0,1.7199999999999998,0.0,38.57718181818182,30.45438377251519,2,DEGRADED
2026-05-05 09:01:43+00:00,scenario_a_r1,scenario_a,,,,9.624600000000001,18.234500000000004,23.83797289666855,18.0,36.6,6.249502017005324,-0.5434805376951244,0.0,4.354838709677419,0.0,0.0,-0.7333333333333333,,,,,,0.0,0.0,0.0,0.3225806451612903,1.0,416.029322988889,39.056275460553614,0.0,872.6189193860329,0.0,0.0,1.7199999999999998,0.0,41.062599999999996,30.903418581840494,2,DEGRADED
2026-05-05 09:01:44+00:00,scenario_a_r1,scenario_a,,,,10.41688888888889,19.58877777777778,23.266125389337173,18.0,36.6,5.938756575723083,-0.5020856974372057,0.0,3.806451612903226,0.0,0.0,-0.7333333333333333,,,,,,0.0,0.0,0.0,0.2903225806451613,1.0,440.3378510555556,35.26882966569416,0.0,946.3067951515505,0.0,0.0,1.7199999999999998,0.0,43.85388888888889,31.412527538565104,2,DEGRADED
2026-05-05 09:01:45+00:00,scenario_a_r1,scenario_a,,,,11.424875,21.27425,22.859844720496895,18.0,36.6,5.597095129006202,-0.46996752775686024,0.0,3.2580645161290325,0.0,0.0,-0.7,,,,,,0.0,0.0,0.0,0.25806451612903225,1.0,463.5727743392858,31.32747388314495,0.0,1013.9455888858927,0.0,0.0,1.7199999999999998,,47.304125,31.705965610084444,2,DEGRADED
2026-05-05 09:01:46+00:00,scenario_a_r1,scenario_a,,,,12.71742857142857,23.445142857142855,22.239844720496894,18.0,35.21739130434783,5.043538572922895,-0.40656167308051155,0.0,2.7419354838709675,0.0,0.0,-0.7,,,,,,0.0,0.0,0.0,0.22580645161290322,1.0,481.25584509523816,25.43728133656111,0.0,1081.9676376870084,0.0,0.0,1.7199999999999998,0.0,51.71957142857143,31.47774988176645,2,DEGRADED
2026-05-05 09:01:47+00:00,scenario_a_r1,scenario_a,,,,14.446,26.360500000000002,21.665931677018634,18.0,34.95652173913044,4.482546607195895,-0.3444151887190057,0.0,2.193548387096774,0.0,0.0,-0.7,,,,,,0.0,0.0,0.0,0.1935483870967742,1.0,481.01397590000005,20.093224085683424,0.0,1110.0699085334477,0.0,0.0,1.7199999999999998,0.0,58.22666666666667,28.867685433139023,2,DEGRADED
2026-05-05 09:01:48+00:00,scenario_a_r1,scenario_a,,,,16.7942,30.0146,21.100714285714286,18.0,33.75,3.7859911623817415,-0.276407119021135,0.0,1.6451612903225807,0.0,0.0,-0.5666666666666667,,,,,,0.0,0.0,0.0,0.16129032258064516,1.0,459.7687945,14.33372908163265,0.0,1089.4626321045325,0.0,0.0,1.7199999999999998,0.0,63.5558,28.78683053411751,2,DEGRADED
2026-05-05 09:01:49+00:00,scenario_a_r1,scenario_a,,,,20.0955,35.2615,20.575714285714287,18.0,28.8,3.0075079520481154,-0.20917527411409564,0.0,1.2258064516129032,0.0,0.0,-0.5666666666666667,,,,,,0.0,0.0,0.0,0.12903225806451613,1.0,356.834784,9.04510408163265,0.0,867.1261153926265,0.0,0.0,1.7199999999999998,0.0,70.28825,28.332600708665396,2,DEGRADED
2026-05-05 09:01:50+00:00,scenario_a_r1,scenario_a,,,,23.894666666666666,42.711666666666666,20.215714285714284,18.0,24.0,2.623360129175356,-0.1690735738121726,0.0,0.7419354838709677,0.0,0.0,-0.3,,,,,,0.0,0.0,0.0,0.0967741935483871,1.0,115.6202716666667,6.882018367346941,0.0,285.9663280569101,0.0,0.0,1.7199999999999998,0.0,81.10966666666667,22.393884038579227,2,DEGRADED
2026-05-05 09:01:51+00:00,scenario_a_r1,scenario_a,,,,26.096,48.066,20.035714285714285,18.0,24.0,2.583655455010222,-0.16140791355474385,0.0,0.5161290322580645,0.0,0.0,-0.3,,,,,,0.0,0.0,0.0,0.06451612903225806,1.0,30.15202000000002,6.675275510204078,0.0,75.24568270944746,0.0,0.0,1.7199999999999998,0.0,86.8665,28.357103245924122,2,DEGRADED
2026-05-05 09:01:52+00:00,scenario_a_r1,scenario_a,,,,29.149,50.465,19.915714285714284,18.0,24.0,2.5918038002085555,-0.16375337676783785,0.0,0.22580645161290322,0.0,0.0,-0.23333333333333334,,,,,,0.0,0.0,0.0,0.03225806451612903,1.0,,6.71744693877551,0.0,,0.0,0.0,1.7199999999999998,0.0,106.918,0.0,2,DEGRADED
2026-05-05 09:01:53+00:00,scenario_a_r1,scenario_a,,,,,,19.83,18.0,24.0,2.61114917229943,-0.17159065628476122,0.0,0.0,0.0,0.0,0.0,,,,,,0.0,0.0,0.0,0.0,0.0,,6.8180999999999985,0.0,,0.0,0.0,1.7199999999999998,0.0,,0.261114917229943,2,DEGRADED
2026-05-05 09:01:54+00:00,scenario_a_r1,scenario_a,,,,,,19.779999999999998,18.0,24.0,2.631273455952459,-0.18567296996662985,0.0,0.0,0.0,0.0,0.0,,,,,,0.0,0.0,0.0,0.0,0.0,,6.923599999999998,0.0,,0.0,0.0,1.7199999999999998,0.0,,0.2631273455952459,2,DEGRADED
2026-05-05 09:01:55+00:00,scenario_a_r1,scenario_a,,,,,,19.7,18.0,24.0,2.6476404589747453,-0.19288097886540595,0.0,0.0,0.0,0.0,0.0,,,,,,0.0,0.0,0.0,0.0,0.0,,7.01,0.0,,0.0,0.0,1.7199999999999998,0.0,,0.26476404589747454,2,DEGRADED
2026-05-05 09:07:24.100000+00:00,scenario_a_r2,scenario_a,30.36007019,119.97091190166667,-0.7005,1.7839999999999998,3.4025,38.0,38.0,38.0,0.0,0.0,18.0,18.5,18.0,0.36,-1.0,2.0,1.4,1.4,2.0615528128088303,1.0,0.8,18.0,0.0,1.0,0.0,0.0005464999999999973,0.0,0.0,0.0007190789473684175,0.0,0.0,2.3,0.0,13.028,1.1101576464628797,0,CLEAN
2026-05-05 09:07:25+00:00,scenario_a_r2,scenario_a,30.36006274,119.97091381,-1.4124,1.7843333333333333,3.828,38.0,38.0,38.0,0.0,2.8058799142380512e-15,19.0,18.666666666666668,18.0,0.38,-1.0,2.0,1.4,1.4,2.0615528128088303,1.0,0.8,19.0,0.0,1.0,0.0,0.5434243333333335,0.0,0.0,0.7150320175438599,0.0,0.0,2.3,5.0,12.857,0.8390160904297368,0,CLEAN
2026-05-05 09:07:26+00:00,scenario_a_r2,scenario_a,30.36005653,119.97091541,-2.1629,1.809,3.75375,38.175,38.0,38.7,0.30310889132455476,0.2100000000000017,19.0,18.75,18.0,0.38,-0.5,1.7,1.2,1.2,1.772004514666935,1.0,0.8,19.0,0.0,1.0,0.0,0.38676891666666674,0.09187500000000075,0.0,0.5065735647238595,0.0,0.0,2.3,1.0,12.498,0.9923823187999007,0,CLEAN
2026-05-05 09:07:27+00:00,scenario_a_r2,scenario_a,30.36004967,119.970922775,-3.1674,1.845,3.7207999999999997,37.98,37.2,38.7,0.47497368348151664,-0.09000000000000231,18.0,18.6,18.0,0.36,-0.6666666666666666,2.0,1.4,1.4,2.0615528128088303,1.0,0.8,18.0,0.0,1.0,0.0,0.3019852000000001,0.22559999999999994,0.0,0.397558188520274,0.0,0.0,2.3,3.0,11.365599999999999,2.6739980927442715,0,CLEAN
2026-05-05 09:07:28+00:00,scenario_a_r2,scenario_a,30.360039306666668,119.97093164,-4.5422,1.8531666666666666,3.8008333333333333,37.8,36.9,38.7,0.5916079783099621,-0.20571428571428432,19.0,18.666666666666668,18.0,0.38,-0.5,1.7,1.2,1.2,1.772004514666935,1.0,0.8,19.0,0.0,1.0,0.0,0.2804203333333333,0.35000000000000064,0.0,0.37092636684303354,0.0,0.0,2.3,0.0,11.085666666666667,2.488049168860348,0,CLEAN
2026-05-05 09:07:29+00:00,scenario_a_r2,scenario_a,30.360029496666666,119.97093853666667,-5.7677,1.9638571428571427,4.090571428571429,37.85864661654135,36.9,38.7,0.5662477847996332,-0.08458646616541406,18.0,18.571428571428573,18.0,0.36,-0.6,2.3,1.5,1.8,2.3537204591879637,0.8333333333333333,0.8,18.0,0.0,1.0,0.0,0.9070874285714285,0.3206365537904917,0.0,1.1979924134095965,0.0,0.0,2.3,1.0,10.79142857142857,2.4009768051873426,0,CLEAN
2026-05-05 09:07:30+00:00,scenario_a_r2,scenario_a,30.360021606666667,119.97094826666667,-7.0747,2.0375,4.202249999999999,37.70131578947368,36.6,38.7,0.6736675059606614,-0.16127819548872283,16.0,18.25,16.0,0.32,-0.8333333333333334,3.3,1.9,2.7,3.337663853655727,0.7037037037037036,0.8,16.0,0.0,1.0,0.0,0.9206664999999998,0.45382790858725774,0.0,1.2210004886050325,0.0,0.0,2.3,1.0,10.550125000000001,2.3252917750866695,0,CLEAN
2026-05-05 09:07:31+00:00,scenario_a_r2,scenario_a,30.360015291666667,119.97095121666666,-7.3333,2.1643333333333334,4.612222222222222,37.253021442495125,33.666666666666664,38.7,1.4181484963410385,-0.3818713450292374,15.0,17.88888888888889,15.0,0.3,-0.8571428571428571,2.8,1.8,2.1,2.8442925306655784,0.8571428571428571,0.8,15.0,0.0,1.0,0.0,2.463058444444444,2.011145157674348,0.0,3.3058505714046507,0.0,0.0,2.3,1.0,10.382666666666669,2.232373120694657,0,CLEAN
2026-05-05 09:07:32+00:00,scenario_a_r2,scenario_a,30.36001125,119.97095596,-7.6202,2.4499,4.867,36.9134335839599,33.666666666666664,38.7,1.6875751434788873,-0.4629543555859349,13.0,17.4,13.0,0.26,-1.0,2.9,1.9,2.2,2.9427877939124323,0.8636363636363635,0.8,13.0,0.0,1.0,0.0,3.653985655555555,2.8479098648877867,0.0,4.949398228214853,0.0,0.0,2.3,1.0,10.166300000000001,2.2131231350991545,0,CLEAN
2026-05-05 09:07:33+00:00,scenario_a_r2,scenario_a,30.360009028333334,119.97096064,-7.7477,5.342545454545455,7.447272727272727,36.08659251434371,27.818181818181817,38.7,3.0701254880086335,-0.7606363014975435,11.0,16.818181818181817,11.0,0.22,-1.1111111111111112,3.7,2.7,2.6,3.733630940518894,1.0384615384615385,0.8,11.0,0.0,1.0,0.0,168.5658428909091,9.42567051212025,0.0,233.55743940621093,0.0,0.0,2.3,0.0,10.651181818181819,2.6446808434358133,1,WARNING
2026-05-05 09:07:34+00:00,scenario_a_r2,scenario_a,30.360002421666668,119.97096879833333,-8.2549,8.746333333333334,10.365333333333334,35.2460431381484,26.0,38.7,4.051166962924278,-0.9730507132421014,9.0,16.166666666666668,9.0,0.18,-1.2,4.0,2.9,2.8,4.031128874149275,1.0357142857142858,0.8,9.0,0.0,1.0,0.0,394.4518708484849,16.411953761489123,0.0,559.5690121901252,0.0,0.0,2.3,0.0,11.92075,5.069529404822862,1,WARNING
2026-05-05 09:07:35+00:00,scenario_a_r2,scenario_a,30.359994271666668,119.970971875,-8.5784,10.835384615384616,15.351692307692307,34.380962896752365,24.0,38.7,4.912215555987124,-1.135288521002807,8.0,15.538461538461538,8.0,0.16,-1.1818181818181819,5.1,4.0,3.2,5.139689314540325,1.25,0.8,8.0,0.0,1.0,0.0,741.5437256538462,24.129861668481887,0.0,1078.4219858541144,0.0,0.0,2.3,0.0,11.927076923076925,4.853758482893067,1,WARNING
2026-05-05 09:07:36+00:00,scenario_a_r2,scenario_a,30.359985411666667,119.97095899166666,-8.3251,19.532928571428574,24.421714285714284,33.44898935650815,21.333333333333332,38.7,5.804978118566218,-1.2810202328999343,7.0,14.928571428571429,7.0,0.14,-1.1666666666666667,6.8,5.1,4.5,6.869037302955032,1.1333333333333333,0.8,7.0,0.0,1.0,0.0,2895.2778742912087,33.697770957032596,0.0,4327.900379040714,0.0,0.0,2.3,0.0,11.927076923076925,4.853758482893067,2,DEGRADED
2026-05-05 09:07:37+00:00,scenario_a_r2,scenario_a,30.35997846,119.97096262833334,-8.9402,26.59,33.0802,32.65905673274094,21.333333333333332,38.7,6.339334554550256,-1.3370536731438971,5.0,14.266666666666667,5.0,0.1,-1.2307692307692308,7.3,5.5,4.8,7.444568489845466,1.1458333333333335,0.8,5.0,0.0,1.0,0.0,4560.046792028572,40.187162594514895,0.0,6981.2897986381395,0.0,0.0,2.3,0.0,11.927076923076925,4.853758482893067,2,DEGRADED
2026-05-05 09:07:38+00:00,scenario_a_r2,scenario_a,,,,26.589999999999996,33.080200000000005,31.992865686944633,21.333333333333332,38.7,6.6582747446200665,-1.3362292763995547,0.0,13.375,0.0,0.0,-1.5,,,,,,0.0,0.0,0.0,0.9375,1.0,4560.046792028572,44.33262257484541,0.0,7126.661982470354,0.0,0.0,1.7199999999999998,0.0,11.927076923076925,4.853758482893067,2,DEGRADED
2026-05-05 09:07:39+00:00,scenario_a_r2,scenario_a,,,,26.589999999999996,33.080200000000005,31.52269711712436,21.333333333333332,38.7,6.727685857088066,-1.2702472536063856,0.0,12.588235294117647,0.0,0.0,-1.4,,,,,,0.0,0.0,0.0,0.8823529411764706,1.0,4560.046792028572,45.26175699166279,0.0,7232.957851108775,0.0,0.0,1.7199999999999998,0.0,11.927076923076925,4.853758482893067,2,DEGRADED
2026-05-05 09:07:40+00:00,scenario_a_r2,scenario_a,,,,26.589999999999996,33.080200000000005,30.882547277284118,20.0,38.7,7.050792567731496,-1.2718344787759797,0.0,11.88888888888889,0.0,0.0,-1.3125,,,,,,0.0,0.0,0.0,0.8333333333333334,1.0,4560.046792028572,49.7136758331777,0.0,7382.886442438554,0.0,0.0,1.7199999999999998,0.0,11.927076923076925,4.853758482893067,2,DEGRADED
2026-05-05 09:07:41+00:00,scenario_a_r2,scenario_a,,,,26.589999999999996,33.080200000000005,30.204518473216535,18.0,38.7,7.4412486615766085,-1.28446794817986,0.0,11.263157894736842,0.0,0.0,-1.2352941176470589,,,,,,0.0,0.0,0.0,0.7894736842105263,1.0,4560.046792028572,55.372181643415665,0.0,7548.6169330461835,0.0,0.0,1.7199999999999998,0.0,11.927076923076925,4.853758482893067,2,DEGRADED
2026-05-05 09:07:42+00:00,scenario_a_r2,scenario_a,,,,26.589999999999996,33.080200000000005,29.594292549555707,18.0,38.7,7.7251997023696015,-1.2753227909144025,0.0,10.7,0.0,0.0,-1.1666666666666667,,,,,,0.0,0.0,0.0,0.75,1.0,4560.046792028572,59.67871044149138,0.0,7704.26727449687,0.0,0.0,1.7199999999999998,0.0,11.927076923076925,4.853758482893067,2,DEGRADED
2026-05-05 09:07:43+00:00,scenario_a_r2,scenario_a,,,,26.589999999999996,33.080200000000005,29.042183380529245,18.0,38.7,7.933054757002276,-1.2519903655241997,0.0,10.19047619047619,0.0,0.0,-1.105263157894737,,,,,,0.0,0.0,0.0,0.7142857142857143,1.0,4560.046792028572,62.93335777759644,0.0,7850.729974878136,0.0,0.0,1.7199999999999998,0.0,11.927076923076925,4.853758482893067,2,DEGRADED
2026-05-05 09:07:44+00:00,scenario_a_r2,scenario_a,,,,26.589999999999996,33.080200000000005,28.54026595414155,18.0,38.7,8.084744508457398,-1.219622255165659,0.0,9.727272727272727,0.0,0.0,-1.05,,,,,,0.0,0.0,0.0,0.6818181818181818,1.0,4560.046792028572,65.36309376703205,0.0,7988.7951979067875,0.0,0.0,1.7199999999999998,0.0,11.927076923076925,4.853758482893067,2,DEGRADED
2026-05-05 09:07:45+00:00,scenario_a_r2,scenario_a,,,,26.589999999999996,33.080200000000005,28.54026595414155,18.0,38.7,8.084744508457398,-1.219622255165659,0.0,9.304347826086957,0.0,0.0,-1.0,,,,,,0.0,0.0,0.0,0.6521739130434783,1.0,4560.046792028572,65.36309376703205,0.0,7988.7951979067875,0.0,0.0,1.7199999999999998,,11.927076923076925,4.853758482893067,2,DEGRADED
2026-05-05 09:07:46+00:00,scenario_a_r2,scenario_a,,,,26.589999999999996,33.080200000000005,28.60373265178757,18.0,38.7,7.912637777796303,-1.0513027988584478,0.0,8.916666666666666,0.0,0.0,-0.9545454545454546,,,,,,0.0,0.0,0.0,0.625,1.0,4560.046792028572,62.609836602609214,0.0,7971.069453663759,0.0,0.0,1.7199999999999998,0.0,11.927076923076925,4.853758482893067,2,DEGRADED
2026-05-05 09:07:47+00:00,scenario_a_r2,scenario_a,,,,26.589999999999996,33.080200000000005,28.66191045796309,18.0,38.7,7.75106060644967,-0.91118378951331,0.0,8.56,0.0,0.0,-0.9130434782608695,,,,,,0.0,0.0,0.0,0.6,1.0,4560.046792028572,60.07894052485592,0.0,7954.889815730448,0.0,0.0,1.7199999999999998,0.0,11.927076923076925,4.853758482893067,2,DEGRADED
2026-05-05 09:07:48+00:00,scenario_a_r2,scenario_a,,,,26.589999999999996,33.080200000000005,28.715434039644563,18.0,38.7,7.598982660525421,-0.793695602642971,0.0,8.23076923076923,0.0,0.0,-0.875,,,,,,0.0,0.0,0.0,0.5769230769230769,1.0,4560.046792028572,57.74453747496601,0.0,7940.062451664435,0.0,0.0,1.7199999999999998,0.0,11.927076923076925,4.853758482893067,2,DEGRADED
2026-05-05 09:07:49+00:00,scenario_a_r2,scenario_a,,,,26.589999999999996,33.080200000000005,28.76484042273516,18.0,38.7,7.455509271215565,-0.694528006106954,0.0,7.925925925925926,0.0,0.0,-0.84,,,,,,0.0,0.0,0.0,0.5555555555555556,1.0,4560.046792028572,55.584618493181246,0.0,7926.424629883226,0.0,0.0,1.7199999999999998,0.0,11.927076923076925,4.853758482893067,2,DEGRADED
2026-05-05 09:07:50+00:00,scenario_a_r2,scenario_a,,,,26.589999999999996,33.080200000000005,28.81058707374497,18.0,38.7,7.319859327705939,-0.6103114373791064,0.0,7.642857142857143,0.0,0.0,-0.8076923076923077,,,,,,0.0,0.0,0.0,0.5357142857142857,1.0,4560.046792028572,53.58034057740364,0.0,7913.838722474582,0.0,0.0,1.7199999999999998,0.0,11.927076923076925,4.853758482893067,2,DEGRADED
2026-05-05 09:07:51+00:00,scenario_a_r2,scenario_a,,,,26.589999999999996,33.080200000000005,28.81058707374497,18.0,38.7,7.319859327705939,-0.6103114373791064,0.0,7.379310344827586,0.0,0.0,-0.7777777777777778,,,,,,0.0,0.0,0.0,0.5172413793103449,1.0,4560.046792028572,53.58034057740364,0.0,7913.838722474582,0.0,0.0,1.7199999999999998,,11.927076923076925,4.853758482893067,2,DEGRADED
2026-05-05 09:07:52+00:00,scenario_a_r2,scenario_a,,,,26.589999999999996,33.080200000000005,28.81058707374497,18.0,38.7,7.319859327705939,-0.6103114373791064,0.0,7.133333333333334,0.0,0.0,-0.75,,,,,,0.0,0.0,0.0,0.5,1.0,4560.046792028572,53.58034057740364,0.0,7913.838722474582,0.0,0.0,1.7199999999999998,,11.927076923076925,4.853758482893067,2,DEGRADED
2026-05-05 09:07:53+00:00,scenario_a_r2,scenario_a,,,,26.589999999999996,33.080200000000005,28.81058707374497,18.0,38.7,7.319859327705939,-0.6103114373791064,0.0,6.903225806451613,0.0,0.0,-0.7241379310344828,,,,,,0.0,0.0,0.0,0.4838709677419355,1.0,4560.046792028572,53.58034057740364,0.0,7913.838722474582,0.0,0.0,1.7199999999999998,,11.927076923076925,4.853758482893067,2,DEGRADED
2026-05-05 09:07:54+00:00,scenario_a_r2,scenario_a,,,,26.589999999999996,33.080200000000005,28.81058707374497,18.0,38.7,7.319859327705939,-0.6103114373791064,0.0,6.6875,0.0,0.0,-0.7,,,,,,0.0,0.0,0.0,0.46875,1.0,4560.046792028572,53.58034057740364,0.0,7913.838722474582,0.0,0.0,1.7199999999999998,,11.927076923076925,4.853758482893067,2,DEGRADED
2026-05-05 09:07:55+00:00,scenario_a_r2,scenario_a,,,,30.406307692307696,37.646,28.075434039644566,18.0,38.7,7.111307407622811,-0.578135373398531,0.0,5.709677419354839,0.0,0.0,-0.6666666666666666,,,,,,0.0,0.0,0.0,0.41935483870967744,1.0,5032.342331064103,50.57069304571107,0.0,8962.180823203067,0.0,0.0,1.7199999999999998,,11.72690909090909,5.278355851106393,2,DEGRADED
2026-05-05 09:07:56+00:00,scenario_a_r2,scenario_a,,,,32.79141666666667,40.39325,27.66191045796309,18.0,38.7,6.95720931414185,-0.5456686181857814,0.0,5.096774193548387,0.0,0.0,-0.6666666666666666,,,,,,0.0,0.0,0.0,0.3870967741935484,1.0,5302.115645560607,48.402761440782115,0.0,9583.784268295678,0.0,0.0,1.7199999999999998,,11.6481,5.557049665864872,2,DEGRADED
2026-05-05 09:07:57+00:00,scenario_a_r2,scenario_a,,,,35.60127272727272,43.74436363636364,27.18199352135279,18.0,38.21052631578947,6.706678980271966,-0.48919153795375947,0.0,4.483870967741935,0.0,0.0,-0.6333333333333333,,,,,,0.0,0.0,0.0,0.3548387096774194,1.0,5579.873861472727,44.979542944421816,0.0,10263.91581082797,0.0,0.0,1.7199999999999998,,11.673333333333332,5.893533575029499,2,DEGRADED
2026-05-05 09:07:58+00:00,scenario_a_r2,scenario_a,,,,38.962500000000006,47.7599,26.726629590505187,18.0,38.21052631578947,6.500374797257709,-0.42897206313355357,0.0,3.903225806451613,0.0,0.0,-0.6333333333333333,,,,,,0.0,0.0,0.0,0.3225806451612903,1.0,5864.697410822222,42.2548725048232,0.0,10971.636717159607,0.0,0.0,1.7199999999999998,,12.277999999999999,5.994582506611401,2,DEGRADED
2026-05-05 09:07:59+00:00,scenario_a_r2,scenario_a,,,,43.08122222222222,52.59977777777778,26.24218338052924,18.0,38.21052631578947,6.253308757997315,-0.34798400961080334,0.0,3.2903225806451615,0.0,0.0,-0.6,,,,,,0.0,0.0,0.0,0.2903225806451613,1.0,6143.416328638888,39.10387042284592,0.0,11705.230924491372,0.0,0.0,1.7199999999999998,,12.648285714285715,6.375302495157535,2,DEGRADED
2026-05-05 09:08:00+00:00,scenario_a_r2,scenario_a,,,,48.137875,58.446124999999995,25.643766233766236,18.0,36.6,5.791277858266566,-0.21395501741366452,0.0,2.7096774193548385,0.0,0.0,-0.5333333333333333,,,,,,0.0,0.0,0.0,0.25806451612903225,1.0,6406.480811678572,33.538899231648585,0.0,12491.302473430924,0.0,0.0,1.7199999999999998,,13.252,6.761051870826018,2,DEGRADED
2026-05-05 09:08:01+00:00,scenario_a_r2,scenario_a,,,,54.65,66.08357142857142,25.013766233766233,18.0,33.857142857142854,5.2225611232606965,-0.06444422745174654,0.0,2.193548387096774,0.0,0.0,-0.5,,,,,,0.0,0.0,0.0,0.22580645161290322,1.0,6534.0029206190475,27.27514468619403,0.0,13060.813912538204,0.0,0.0,1.7199999999999998,0.0,14.130199999999999,7.166276138972039,2,DEGRADED
2026-05-05 09:08:02+00:00,scenario_a_r2,scenario_a,,,,63.228500000000004,75.78216666666667,24.530432900432903,18.0,33.857142857142854,4.832109826859767,0.05769814145753972,0.0,1.7096774193548387,0.0,0.0,-0.43333333333333335,,,,,,0.0,0.0,0.0,0.1935483870967742,1.0,6432.514845266667,23.34928537883473,0.0,13111.295001143559,0.0,0.0,1.7199999999999998,0.0,15.402000000000001,7.595449295466332,2,DEGRADED
2026-05-05 09:08:03+00:00,scenario_a_r2,scenario_a,,,,74.8702,89.5066,24.03757575757576,18.0,30.0,4.332559201884364,0.1973843700159486,0.0,1.2903225806451613,0.0,0.0,-0.36666666666666664,,,,,,0.0,0.0,0.0,0.16129032258064516,1.0,5611.4741875,18.77106923783288,0.0,11672.296416437648,0.0,0.0,1.7199999999999998,0.0,17.796333333333333,7.220753584864486,2,DEGRADED
2026-05-05 09:08:04+00:00,scenario_a_r2,scenario_a,,,,85.0205,103.57074999999999,23.846666666666668,18.0,30.0,4.245002290275524,0.25654135338345774,0.0,0.9354838709677419,0.0,0.0,-0.3,,,,,,0.0,0.0,0.0,0.12903225806451613,1.0,5476.439547916667,18.020044444444444,0.0,11482.610178746156,0.0,0.0,1.7199999999999998,0.0,18.944499999999998,9.816763443212839,2,DEGRADED
2026-05-05 09:08:05+00:00,scenario_a_r2,scenario_a,,,,97.96466666666667,123.93966666666665,23.746666666666666,18.0,30.0,4.216559945948567,0.2927318295739347,0.0,0.6451612903225806,0.0,0.0,-0.26666666666666666,,,,,,0.0,0.0,0.0,0.0967741935483871,1.0,4719.994020666666,17.779377777777782,0.0,9938.224355699043,0.0,0.0,1.7199999999999998,0.0,12.003,0.0,2,DEGRADED
2026-05-05 09:08:06+00:00,scenario_a_r2,scenario_a,,,,128.995,148.3155,23.746666666666666,18.0,30.0,4.216559945948567,0.3003508771929817,0.0,0.3870967741935484,0.0,0.0,-0.23333333333333334,,,,,,0.0,0.0,0.0,0.06451612903225806,1.0,97.61101650000018,17.779377777777782,0.0,205.5257225575523,0.0,0.0,1.7199999999999998,0.0,,0.4216559945948567,2,DEGRADED
2026-05-05 09:08:07+00:00,scenario_a_r2,scenario_a,,,,125.389,154.299,23.880000000000003,18.0,30.0,4.180143538205358,0.26586466165413536,0.0,0.16129032258064516,0.0,0.0,-0.16666666666666666,,,,,,0.0,0.0,0.0,0.03225806451612903,1.0,,17.47360000000001,0.0,,0.0,0.0,1.7199999999999998,0.0,,0.4180143538205358,2,DEGRADED
2026-05-05 09:08:08+00:00,scenario_a_r2,scenario_a,,,,,,24.0,18.0,30.0,4.147288270665544,0.23157894736842088,0.0,0.0,0.0,0.0,0.0,,,,,,0.0,0.0,0.0,0.0,0.0,,17.199999999999996,0.0,,0.0,0.0,1.7199999999999998,0.0,,0.4147288270665544,2,DEGRADED
2026-05-05 09:08:09+00:00,scenario_a_r2,scenario_a,,,,,,24.1,18.0,30.0,4.121892769104989,0.19999999999999923,0.0,0.0,0.0,0.0,0.0,,,,,,0.0,0.0,0.0,0.0,0.0,,16.99,0.0,,0.0,0.0,1.7199999999999998,0.0,,0.41218927691049895,2,DEGRADED
2026-05-05 09:08:10+00:00,scenario_a_r2,scenario_a,,,,,,24.1,18.0,30.0,4.121892769104989,0.19699248120300733,0.0,0.0,0.0,0.0,0.0,,,,,,0.0,0.0,0.0,0.0,0.0,,16.99,0.0,,0.0,0.0,1.7199999999999998,0.0,,0.41218927691049895,2,DEGRADED
2026-05-05 09:08:11+00:00,scenario_a_r2,scenario_a,,,,,,24.3,18.0,30.0,4.013726448077895,0.1308270676691723,0.0,0.0,0.0,0.0,0.0,,,,,,0.0,0.0,0.0,0.0,0.0,,16.109999999999996,0.0,,0.0,0.0,1.7199999999999998,0.0,,0.4013726448077895,2,DEGRADED
2026-05-05 09:08:12+00:00,scenario_a_r2,scenario_a,,,,,,24.6,18.0,30.0,3.7469987990390394,0.027067669172932008,0.0,0.0,0.0,0.0,0.0,,,,,,0.0,0.0,0.0,0.0,0.0,,14.040000000000004,0.0,,0.0,0.0,1.7199999999999998,0.0,,0.37469987990390397,2,DEGRADED
2026-05-05 09:08:13+00:00,scenario_a_r2,scenario_a,,,,,,24.9,18.0,30.0,3.4336569426778794,-0.0857142857142859,0.0,0.0,0.0,0.0,0.0,,,,,,0.0,0.0,0.0,0.0,0.0,,11.790000000000001,0.0,,0.0,0.0,1.7199999999999998,0.0,,0.34336569426778796,2,DEGRADED
2026-05-05 09:08:14+00:00,scenario_a_r2,scenario_a,,,,,,25.2,18.0,30.0,3.059411708155671,-0.20751879699248163,0.0,0.0,0.0,0.0,0.0,,,,,,0.0,0.0,0.0,0.0,0.0,,9.36,0.0,,0.0,0.0,1.7199999999999998,0.0,,0.3059411708155671,2,DEGRADED
2026-05-05 09:08:15+00:00,scenario_a_r2,scenario_a,,,,,,25.2,18.0,30.0,3.059411708155671,-0.4240601503759409,0.0,0.0,0.0,0.0,0.0,,,,,,0.0,0.0,0.0,0.0,0.0,,9.36,0.0,,0.0,0.0,1.7199999999999998,0.0,,0.3059411708155671,2,DEGRADED
2026-05-05 09:08:16+00:00,scenario_a_r2,scenario_a,,,,,,24.857142857142858,18.0,30.0,3.356382892705923,-0.45974025974026006,0.0,0.0,0.0,0.0,0.0,,,,,,0.0,0.0,0.0,0.0,0.0,,11.26530612244898,0.0,,0.0,0.0,1.7199999999999998,0.0,,0.3356382892705923,2,DEGRADED
2026-05-05 09:11:18.100000+00:00,scenario_a_r3,scenario_a,30.360088876666666,119.97098249,-1.5859,1.7305000000000001,3.5469999999999997,39.0,39.0,39.0,0.0,0.0,19.0,19.0,19.0,0.38,0.0,2.1,1.4,1.5,2.1587033144922905,0.9333333333333332,0.8,19.0,0.0,1.0,0.0,0.0002464999999999952,0.0,0.0,0.0003160256410256349,0.0,0.0,2.3,0.0,8.433499999999999,0.041719300090005795,0,CLEAN
2026-05-05 09:11:19+00:00,scenario_a_r3,scenario_a,30.360087745,119.97098092166667,-1.3034,1.7160000000000002,3.4789999999999996,38.95652173913044,38.869565217391305,39.0,0.06148754619013442,-0.06521739130434415,19.0,19.0,19.0,0.38,0.0,2.0,1.4,1.4,2.0615528128088303,1.0,0.8,19.0,0.0,1.0,0.0,0.014625999999999991,0.003780718336483914,0.0,0.01877220982142856,0.0,0.0,2.3,2.0,9.152,1.2448281005825668,0,CLEAN
2026-05-05 09:11:20+00:00,scenario_a_r3,scenario_a,30.360085341666668,119.97097944833334,-1.1532,1.71625,3.461,38.673913043478265,37.82608695652174,39.0,0.4923805066480912,-0.3652173913043396,20.0,19.25,19.0,0.4,0.0,2.0,1.4,1.4,2.0615528128088303,1.0,0.8,20.0,0.0,1.0,0.0,0.011046916666666658,0.24243856332703098,0.0,0.014282129473486964,0.0,0.0,2.3,0.0,9.31475,1.0672464179685346,0,CLEAN
2026-05-05 09:11:21+00:00,scenario_a_r3,scenario_a,30.360079618333334,119.97097794666666,-1.1584,1.7488,3.5489999999999995,38.55652173913044,37.82608695652174,39.0,0.49907286442718984,-0.30000000000000177,18.0,19.0,18.0,0.36,-0.6666666666666666,2.1,1.5,1.5,2.1587033144922905,1.0,0.8,18.0,0.0,1.0,0.0,0.052302699999999966,0.24907372400756023,0.0,0.06782600924672977,0.0,0.0,2.3,0.0,9.2896,0.9259718138258858,0,CLEAN
2026-05-05 09:11:22+00:00,scenario_a_r3,scenario_a,30.360073585,119.97097662166667,-1.2228,1.7556666666666665,3.573833333333333,38.58498023715415,37.82608695652174,39.0,0.46001181204594727,-0.14703557312252935,19.0,19.0,18.0,0.38,-0.5,2.0,1.4,1.4,2.0615528128088303,1.0,0.8,19.0,0.0,1.0,0.0,0.045825233333333305,0.21161086722179592,0.0,0.0593822169295909,0.0,0.0,2.3,0.0,9.094,0.9568151336595805,0,CLEAN
2026-05-05 09:11:23+00:00,scenario_a_r3,scenario_a,30.360069231666667,119.97097599333334,-1.7043,1.7868571428571427,3.766142857142857,38.32749858836815,36.78260869565217,39.0,0.7610266356063372,-0.2850084697910782,19.0,19.0,18.0,0.38,-0.4,2.0,1.4,1.5,2.0615528128088303,0.9333333333333332,0.8,19.0,0.0,1.0,0.0,0.3038782857142857,0.5791615401023008,0.0,0.396423321252836,0.0,0.0,2.3,0.0,8.921714285714286,0.9852356256729853,0,CLEAN
2026-05-05 09:11:24+00:00,scenario_a_r3,scenario_a,30.360065386666665,119.97097605666667,-2.1372,1.794875,3.934,38.13883399209487,36.78260869565217,39.0,0.8694404274004416,-0.3157820440429152,16.0,18.625,16.0,0.32,-0.8333333333333334,2.4,1.6,1.8,2.4515301344262523,0.888888888888889,0.8,16.0,0.0,1.0,0.0,0.4863895535714285,0.7559266567982625,0.0,0.6376565598101973,0.0,0.0,2.3,0.0,8.837,0.9430967228081271,0,CLEAN
2026-05-05 09:11:25+00:00,scenario_a_r3,scenario_a,30.36006042,119.97097646333333,-2.4449,1.8392222222222223,4.200888888888889,38.05270092226615,36.78260869565217,39.0,0.8551526482376439,-0.27272727272727143,17.0,18.444444444444443,16.0,0.34,-0.7142857142857143,2.1,1.5,1.5,2.1587033144922905,1.0,0.8,17.0,0.0,1.0,0.0,1.0843580555555556,0.7312860517878556,0.0,1.4248108928859957,0.0,0.0,2.3,1.0,8.680666666666667,0.9991063506954606,0,CLEAN
2026-05-05 09:11:26+00:00,scenario_a_r3,scenario_a,30.36005544,119.970977625,-2.9383,1.8409000000000002,4.3689,38.04743083003953,36.78260869565217,39.0,0.811423077967199,-0.20122170319798827,17.0,18.3,16.0,0.34,-0.625,2.4,1.6,1.8,2.4515301344262523,0.888888888888889,0.8,17.0,0.0,1.0,0.0,1.2461793111111112,0.6584074114577632,0.0,1.6376655189648406,0.0,0.0,2.3,0.0,8.4632,1.1662840134375505,0,CLEAN
2026-05-05 09:11:27+00:00,scenario_a_r3,scenario_a,30.360049681666666,119.97097681666666,-3.1043,1.8893636363636366,4.742727272727273,37.88609414301114,36.27272727272727,39.0,0.9267402322373222,-0.2315846209126826,18.0,18.272727272727273,16.0,0.36,-0.5555555555555556,2.1,1.4,1.5,2.1587033144922905,0.9333333333333332,0.8,18.0,0.0,1.0,0.0,2.6846124727272724,0.8588474580472858,0.0,3.5430050701366684,0.0,0.0,2.3,2.0,8.250545454545454,1.3121120656130227,0,CLEAN
2026-05-05 09:11:28+00:00,scenario_a_r3,scenario_a,30.36004396,119.97097652166667,-3.1887,1.921166666666667,5.014916666666667,37.77437417654809,36.27272727272727,39.0,0.9615465129232695,-0.22970507753116526,18.0,18.25,16.0,0.36,-0.5,2.1,1.4,1.5,2.1587033144922905,0.9333333333333332,0.8,18.0,0.0,1.0,0.0,3.3417387803030305,0.9245716965148993,0.0,4.423288079750268,0.0,0.0,2.3,1.0,8.197750000000001,1.2643471995101232,0,CLEAN
2026-05-05 09:11:29+00:00,scenario_a_r3,scenario_a,30.360040938333334,119.97097410666666,-3.0009,1.9804615384615387,5.199846153846154,37.82669504408635,36.27272727272727,39.0,0.9414353270100162,-0.15805933197237512,19.0,18.307692307692307,16.0,0.38,-0.45454545454545453,1.7,1.2,1.2,1.772004514666935,1.0,0.8,19.0,0.0,1.0,0.0,3.55355291025641,0.8863004749424561,0.0,4.697149600453868,0.0,0.0,2.3,1.0,8.302846153846154,1.2684427359400088,0,CLEAN
2026-05-05 09:11:30+00:00,scenario_a_r3,scenario_a,30.360042478333334,119.97097023833334,-2.9291,1.9791428571428573,5.287571428571428,37.80335968379446,36.27272727272727,39.0,0.9110830399476368,-0.13578160969465536,18.0,18.285714285714285,16.0,0.36,-0.5,1.9,1.3,1.4,1.96468827043885,0.9285714285714287,0.8,18.0,0.0,1.0,0.0,3.387967164835165,0.8300723056802273,0.0,4.481039771562312,0.0,0.0,2.3,1.0,8.401857142857143,1.2737449845688444,0,CLEAN
2026-05-05 09:11:31+00:00,scenario_a_r3,scenario_a,30.360041603333332,119.9709648,-2.4943,1.9936000000000003,5.3734,37.755862977602106,36.27272727272727,39.0,0.8979517088106337,-0.1281338226990395,19.0,18.333333333333332,16.0,0.38,-0.46153846153846156,1.7,1.2,1.2,1.772004514666935,1.0,0.8,19.0,0.0,1.0,0.0,3.2596028000000006,0.8063172713559371,0.0,4.316684274881617,0.0,0.0,2.3,2.0,8.484266666666667,1.2682305145734503,0,CLEAN
2026-05-05 09:11:32+00:00,scenario_a_r3,scenario_a,30.360036511666667,119.97095247,-1.9981,1.9718749999999998,5.3505625000000006,37.73540725578769,36.27272727272727,39.0,0.8730400851166132,-0.11274163815723932,18.0,18.3125,16.0,0.36,-0.5,1.8,1.2,1.2,1.8681541692269406,1.0,0.8,18.0,0.0,1.0,0.0,3.058192379166667,0.7621989902204233,0.0,4.052152343867463,0.0,0.0,2.3,0.0,8.4096875,1.261021105757817,0,CLEAN
2026-05-05 09:11:33+00:00,scenario_a_r3,scenario_a,30.36002849833333,119.97093653166667,-1.1396,1.9493529411764703,5.341588235294118,37.71353837977879,36.27272727272727,39.0,0.8514785489416972,-0.10124099046733248,18.0,18.294117647058822,16.0,0.36,-0.4666666666666667,1.8,1.2,1.2,1.8681541692269406,1.0,0.8,18.0,0.0,1.0,0.0,2.877047625,0.7250157193078581,0.0,3.8143432684940173,0.0,0.0,2.3,2.0,8.373411764705883,1.2301053338446026,0,CLEAN
2026-05-05 09:11:34+00:00,scenario_a_r3,scenario_a,30.360020065,119.97092072666666,-0.2491,1.931055555555555,5.317111111111112,37.618341803124416,36.0,39.0,0.915858978090686,-0.1153176477580832,19.0,18.333333333333332,16.0,0.38,-0.4375,1.7,1.2,1.2,1.772004514666935,1.0,0.8,19.0,0.0,1.0,0.0,2.724620160130719,0.8387976677493155,0.0,3.6213985379658924,0.0,0.0,2.3,0.0,8.379555555555557,1.1936620973350789,0,CLEAN
2026-05-05 09:11:35+00:00,scenario_a_r3,scenario_a,30.360012245,119.97091218333334,0.1211,1.9454736842105258,5.329000000000001,37.61929032066332,36.0,39.0,0.8914407531730238,-0.09773544533269897,17.0,18.263157894736842,16.0,0.34,-0.5294117647058824,2.0,1.3,1.6,2.0615528128088303,0.8125,0.8,17.0,0.0,1.0,0.0,2.5798877076023397,0.794666616417688,0.0,3.4289425526260833,0.0,0.0,2.29859524,1.0,8.416000000000002,1.1708577103037663,0,CLEAN
2026-05-05 09:11:36+00:00,scenario_a_r3,scenario_a,30.360005078333334,119.97090529666667,0.2695,1.9448999999999994,5.319150000000001,37.59287125917561,36.0,39.0,0.8764671442699615,-0.09132154213880371,19.0,18.3,16.0,0.38,-0.5,1.7,1.2,1.2,1.772004514666935,1.0,0.8,19.0,0.0,1.0,0.0,2.4460511763157897,0.7681946549847416,0.0,3.2533444432217467,0.0,0.0,2.2968737999999997,0.0,8.4025,1.1412272941189698,0,CLEAN
2026-05-05 09:11:37+00:00,scenario_a_r3,scenario_a,30.359998198333333,119.97090243,0.3115,1.9401428571428565,5.303476190476191,37.53000725982093,36.0,39.0,0.9003619302400764,-0.09601333167115178,20.0,18.38095238095238,16.0,0.4,-0.47368421052631576,1.7,1.2,1.2,1.772004514666935,1.0,0.8,20.0,0.0,1.0,0.0,2.329382890476191,0.8106516054256362,0.0,3.1033605647206923,0.0,0.0,2.2963866,3.0,8.364857142857144,1.1256271267926288,0,CLEAN
2026-05-05 09:11:38+00:00,scenario_a_r3,scenario_a,30.359991023333333,119.970903905,0.0864,1.9621818181818176,5.3170909090909095,37.43566808685386,35.45454545454545,39.0,0.9801537001191852,-0.10810007266197579,17.0,18.318181818181817,16.0,0.34,-0.6,2.4,1.5,1.8,2.4515301344262523,0.8333333333333333,0.8,17.0,0.0,1.0,0.0,2.233223575757576,0.9607012758573297,0.0,2.9827483919564517,0.0,0.0,2.29899776,0.0,8.435227272727273,1.147015420323055,0,CLEAN
2026-05-05 09:11:39+00:00,scenario_a_r3,scenario_a,30.359980963333335,119.97090634,-0.2466,2.0238695652173906,5.462391304347827,37.386291213512386,35.45454545454545,39.0,0.9861892915812035,-0.10693178191459728,17.0,18.26086956521739,16.0,0.34,-0.5714285714285714,2.1,1.5,1.5,2.1587033144922905,1.0,0.8,17.0,0.0,1.0,0.0,2.704817822134388,0.972569318829436,0.0,3.6173925446191304,0.0,0.0,2.3,0.0,8.448913043478262,1.1225641473083552,0,CLEAN
2026-05-05 09:11:40+00:00,scenario_a_r3,scenario_a,30.35997069,119.97090742166667,-0.5456,2.07025,5.553791666666666,37.3840846351716,35.45454545454545,39.0,0.9654830831945976,-0.09462954688663705,16.0,18.166666666666668,16.0,0.32,-0.5909090909090909,2.4,1.6,1.9,2.4515301344262523,0.8421052631578948,0.8,16.0,0.0,1.0,0.0,2.8393411503623187,0.9321575839349463,0.0,3.7975266454578605,0.0,0.0,2.3,0.0,8.503124999999999,1.1295554844235427,0,CLEAN
2026-05-05 09:11:41+00:00,scenario_a_r3,scenario_a,30.359959635,119.97091133666666,-1.288,2.09672,5.65972,37.352721249764734,35.45454545454545,39.0,0.9583731878750864,-0.09094845733976233,16.0,18.08,16.0,0.32,-0.5652173913043478,2.5,1.6,1.9,2.5495097567963922,0.8421052631578948,0.8,16.0,0.0,1.0,0.0,3.019072086666667,0.9184791672378557,0.0,4.04130139070615,0.0,0.0,2.3,2.0,8.502279999999999,1.1057807769475227,0,CLEAN
2026-05-05 09:11:42+00:00,scenario_a_r3,scenario_a,30.359948441666667,119.97091441333333,-1.5433,2.1332692307692307,5.739307692307692,37.20179241048807,33.42857142857143,39.0,1.2052555366211979,-0.11438281525238057,16.0,18.0,16.0,0.32,-0.5416666666666666,2.5,1.7,1.9,2.5495097567963922,0.8947368421052632,0.8,16.0,0.0,1.0,0.0,3.0977304261538468,1.4526409085560517,0.0,4.163415558010215,0.0,0.0,2.3,0.0,8.48903846153846,1.0855412836283744,0,CLEAN
2026-05-05 09:11:43+00:00,scenario_a_r3,scenario_a,30.359939353333335,119.97091296,-1.0879,2.2035925925925928,5.942333333333334,36.987346939947116,31.41176470588235,39.0,1.6107444704695209,-0.14808011444840116,12.0,17.77777777777778,12.0,0.24,-0.68,3.5,2.5,2.5,3.5355339059327378,1.0,0.8,12.0,0.0,1.0,0.0,4.2250361737891735,2.594497749148137,0.0,5.711461517703565,0.0,0.0,2.3,0.0,8.495185185185184,1.064939869629232,0,CLEAN
2026-05-05 09:11:44+00:00,scenario_a_r3,scenario_a,30.359933326666667,119.97090993,-0.4159,2.296071428571429,6.163142857142858,36.837798834949005,31.41176470588235,39.0,1.7622946062960627,-0.16370246916024334,14.0,17.642857142857142,12.0,0.28,-0.6538461538461539,2.6,1.7,1.9,2.6476404589747453,0.8947368421052632,0.8,14.0,0.0,1.0,0.0,5.673210417989418,3.105682279380195,0.0,7.700257069386963,0.0,0.0,2.3,1.0,8.433321428571428,1.095104021900691,0,CLEAN
2026-05-05 09:11:45+00:00,scenario_a_r3,scenario_a,30.359926616666666,119.97091358,-0.6651,3.088793103448276,7.1495862068965526,36.52812104261086,27.857142857142858,39.0,2.384071972251614,-0.20926778071184798,13.0,17.482758620689655,12.0,0.26,-0.6666666666666666,3.7,2.7,2.5,3.733630940518894,1.08,0.8,13.0,0.0,1.0,0.0,51.91346170689657,5.683799168875701,0.0,71.0595839932998,0.0,0.0,2.3,1.0,8.62944827586207,1.5072918853315065,1,WARNING
2026-05-05 09:11:46+00:00,scenario_a_r3,scenario_a,30.35992437333333,119.97091713833333,-0.8942,3.9927333333333337,9.387033333333333,36.15051700785717,25.2,39.0,3.103111116506412,-0.262100711885612,10.0,17.233333333333334,10.0,0.2,-0.75,4.8,3.9,2.8,4.825971404805461,1.392857142857143,0.8,10.0,0.0,1.0,0.0,224.82166982183907,9.62929860138567,0.0,310.9522192628324,0.0,0.0,2.3,0.0,8.998733333333332,2.50693639017184,1,WARNING
2026-05-05 09:11:47+00:00,scenario_a_r3,scenario_a,,,,3.9927333333333337,9.387033333333333,35.79082291082952,25.0,39.0,3.6331902467326427,-0.30497141333901995,0.0,16.677419354838708,0.0,0.0,-1.0689655172413792,6.2,5.0,3.7,8.76812408671319,1.3513513513513513,0.0,0.0,0.0,0.967741935483871,1.0,224.82166982183907,13.200071368953202,0.0,314.07725715327564,0.0,0.0,1.7199999999999998,0.0,8.998733333333332,2.50693639017184,2,DEGRADED
2026-05-05 09:11:48+00:00,scenario_a_r3,scenario_a,30.359907291666666,119.97088783333334,-2.0328,6.308580645161292,11.743774193548388,35.315216837723234,20.571428571428573,39.0,4.449697110896006,-0.3637205708729773,7.0,16.375,0.0,0.14,-1.0333333333333334,6.9,5.3,4.4,6.970052557410255,1.2045454545454544,0.8,7.0,0.0,0.96875,2.0,555.766278032258,19.79980437871626,0.0,786.8651643653452,0.0,0.0,2.3,0.0,9.374645161290323,3.233549108419283,2,DEGRADED
2026-05-05 09:11:49+00:00,scenario_a_r3,scenario_a,30.359900071666665,119.970895385,-2.3638,8.957699999999999,15.077000000000002,34.6802238324885,20.571428571428573,38.869565217391305,4.904255401559387,-0.42554843772266027,6.0,15.870967741935484,0.0,0.12,-1.0666666666666667,6.6,5.3,3.9,6.691038783328041,1.358974358974359,0.8,6.0,0.0,0.967741935483871,2.0,961.6168357344827,24.05172104372442,0.0,1386.4051748617005,0.0,0.0,2.3,0.0,9.439551724137932,3.336913528848894,2,DEGRADED
2026-05-05 09:11:50+00:00,scenario_a_r3,scenario_a,,,,9.208413793103448,15.481620689655172,34.08443140612104,20.4,38.72727272727273,5.450580131145996,-0.48489275035527474,0.0,15.258064516129032,0.0,0.0,-1.2666666666666666,,,,,,0.0,0.0,0.0,0.9354838709677419,3.0,988.9202756379309,29.7088237660435,0.0,1450.6920532937745,0.0,0.0,1.7199999999999998,0.0,9.3985,3.3906808832226973,2,DEGRADED
2026-05-05 09:11:51+00:00,scenario_a_r3,scenario_a,,,,9.475964285714285,15.91285714285714,33.444880213975175,18.0,38.72727272727273,6.0986584632674266,-0.5580379045026148,0.0,14.612903225806452,0.0,0.0,-1.2,,,,,,0.0,0.0,0.0,0.9032258064516129,3.0,1017.8014305330688,37.193635051583406,0.0,1521.6102195931524,0.0,0.0,1.7199999999999998,0.0,9.38351851851852,3.4543265777012317,2,DEGRADED
2026-05-05 09:11:52+00:00,scenario_a_r3,scenario_a,,,,9.757333333333333,16.35774074074074,32.79691387456424,18.0,38.72727272727273,6.616164143750946,-0.6215056392951167,0.0,14.03225806451613,0.0,0.0,-1.2,,,,,,0.0,0.0,0.0,0.8709677419354839,3.0,1048.890716045584,43.77362797705568,0.0,1599.0692295884808,0.0,0.0,1.7199999999999998,0.0,9.391,3.522512637308772,2,DEGRADED
2026-05-05 09:11:53+00:00,scenario_a_r3,scenario_a,,,,10.063769230769232,16.844653846153847,32.128292173684464,18.0,38.45454545454545,7.018186667354007,-0.6727427225512168,0.0,13.419354838709678,0.0,0.0,-1.2,,,,,,0.0,0.0,0.0,0.8387096774193549,3.0,1081.55222042,49.25494409782554,0.0,1683.1772672091704,0.0,0.0,1.7199999999999998,0.0,9.442,3.585338965844094,2,DEGRADED
2026-05-05 09:11:54+00:00,scenario_a_r3,scenario_a,,,,10.38736,17.32164,31.522401570598916,18.0,38.45454545454545,7.391077965774322,-0.728168254105162,0.0,12.806451612903226,0.0,0.0,-1.1,,,,,,0.0,0.0,0.0,0.8064516129032258,3.0,1117.61908773,54.62803349615469,0.0,1772.7378499809613,0.0,0.0,1.7199999999999998,0.0,9.506749999999998,3.6474898724417613,2,DEGRADED
2026-05-05 09:11:55+00:00,scenario_a_r3,scenario_a,,,,10.743041666666665,17.830499999999997,30.91536344743176,18.0,38.45454545454545,7.697623723013937,-0.7757906491042172,0.0,12.290322580645162,0.0,0.0,-1.1,,,,,,0.0,0.0,0.0,0.7741935483870968,3.0,1156.1560581286233,59.25341098110694,0.0,1869.8729841791153,0.0,0.0,1.7199999999999998,0.0,9.561652173913044,3.719312798313635,2,DEGRADED
2026-05-05 09:11:56+00:00,scenario_a_r3,scenario_a,,,,11.114739130434783,18.33026086956522,30.700421016891607,18.0,38.45454545454545,7.732807832775581,-0.8115740064860011,0.0,11.741935483870968,0.0,0.0,-1.1,,,,,,0.0,0.0,0.0,0.7419354838709677,3.0,1198.975342494071,59.79631697863538,0.0,1952.7017916698692,0.0,0.0,1.7199999999999998,,9.658545454545454,3.7770096855187125,2,DEGRADED
2026-05-05 09:11:57+00:00,scenario_a_r3,scenario_a,,,,11.53559090909091,18.896136363636366,30.448711396784418,18.0,38.45454545454545,7.743224583968931,-0.8445905885865314,0.0,11.193548387096774,0.0,0.0,-1.1,,,,,,0.0,0.0,0.0,0.7096774193548387,3.0,1244.0860904718616,59.95752695778082,0.0,2042.9207565796119,0.0,0.0,1.7199999999999998,,9.808666666666667,3.8024336855931273,2,DEGRADED
2026-05-05 09:11:58+00:00,scenario_a_r3,scenario_a,,,,11.971857142857143,19.39209523809524,30.240710829786458,18.0,38.45454545454545,7.800269505985051,-0.892211639096599,0.0,10.612903225806452,0.0,0.0,-1.1,,,,,,0.0,0.0,0.0,0.6774193548387096,3.0,1296.2117857190474,60.84420436600028,0.0,2143.1569400185963,0.0,0.0,1.7199999999999998,,9.9929,3.803837617597869,2,DEGRADED
2026-05-05 09:11:59+00:00,scenario_a_r3,scenario_a,,,,12.456900000000001,19.96125,30.007201803280235,18.0,38.45454545454545,7.846716025428479,-0.9412724374909243,0.0,10.03225806451613,0.0,0.0,-1.1,,,,,,0.0,0.0,0.0,0.6451612903225806,3.0,1352.0721133447369,61.570952383716104,0.0,2252.9126877750646,0.0,0.0,1.7199999999999998,,10.117947368421051,3.8656063987955833,2,DEGRADED
2026-05-05 09:12:00+00:00,scenario_a_r3,scenario_a,,,,12.970842105263158,20.62136842105263,29.682303970539262,18.0,37.63636363636363,7.815944196992574,-0.976249650132003,0.0,9.419354838709678,0.0,0.0,-1.0666666666666667,,,,,,0.0,0.0,0.0,0.6129032258064516,3.0,1412.4117157192984,61.0889836905019,0.0,2379.2150992072025,0.0,0.0,1.7199999999999998,,10.148722222222224,3.975280423783009,2,DEGRADED
2026-05-05 09:12:01+00:00,scenario_a_r3,scenario_a,,,,13.582444444444445,21.409888888888887,29.369596129360833,18.0,37.63636363636363,7.8096159954139655,-1.0201038961038957,0.0,8.838709677419354,0.0,0.0,-1.0666666666666667,,,,,,0.0,0.0,0.0,0.5806451612903226,3.0,1475.4611633071895,60.99010199582566,0.0,2511.8853470241775,0.0,0.0,1.7199999999999998,,10.175764705882353,4.09591831170697,2,DEGRADED
2026-05-05 09:12:02+00:00,scenario_a_r3,scenario_a,,,,14.252235294117648,22.282529411764706,29.047874755962994,18.0,37.63636363636363,7.8066471800079995,-1.0692336112310545,0.0,8.225806451612904,0.0,0.0,-1.0333333333333334,,,,,,0.0,0.0,0.0,0.5483870967741935,3.0,1544.5339168308822,60.94374019312685,0.0,2658.6005513429477,0.0,0.0,1.7199999999999998,,10.209375,4.227824371549351,2,DEGRADED
2026-05-05 09:12:03+00:00,scenario_a_r3,scenario_a,,,,15.040125000000002,23.362187499999997,28.73835094643918,18.0,37.63636363636363,7.6130942862424416,-0.9686178297405923,0.0,7.645161290322581,0.0,0.0,-1.0333333333333334,,,,,,0.0,0.0,0.0,0.5161290322580645,3.0,1615.108881745833,57.95920461121731,0.0,2810.0235896554686,0.0,0.0,1.7199999999999998,0.0,10.403933333333335,4.301434784990215,2,DEGRADED
2026-05-05 09:12:04+00:00,scenario_a_r3,scenario_a,,,,15.936866666666667,24.573133333333335,28.431532764621,18.0,37.63636363636363,7.40483463397054,-0.8622482368441456,0.0,7.064516129032258,0.0,0.0,-1.0333333333333334,,,,,,0.0,0.0,0.0,0.4838709677419355,3.0,1691.5503373904762,54.831575956449626,0.0,2974.778657546332,0.0,0.0,1.7199999999999998,0.0,10.590428571428573,4.400427229508267,2,DEGRADED
2026-05-05 09:12:05+00:00,scenario_a_r3,scenario_a,,,,16.9595,25.97828571428571,28.181532764621,18.0,37.63636363636363,7.244642319587636,-0.7642976162797142,0.0,6.451612903225806,0.0,0.0,-0.9666666666666667,,,,,,0.0,0.0,0.0,0.45161290322580644,3.0,1772.881228642857,52.484842338760124,0.0,3145.4662942757427,0.0,0.0,1.7199999999999998,0.0,10.752461538461537,4.53643146491793,2,DEGRADED
2026-05-05 09:12:06+00:00,scenario_a_r3,scenario_a,,,,18.094461538461537,27.550230769230772,27.86335094643918,18.0,37.333333333333336,6.985459482432707,-0.643343043146113,0.0,5.903225806451613,0.0,0.0,-0.9666666666666667,,,,,,0.0,0.0,0.0,0.41935483870967744,3.0,1863.6075719615383,48.796644180709016,0.0,3344.1913995626205,0.0,0.0,1.7199999999999998,0.0,10.8925,4.708708035505744,2,DEGRADED
2026-05-05 09:12:07+00:00,scenario_a_r3,scenario_a,,,,19.44116666666667,29.418416666666662,27.567896400984633,18.0,37.333333333333336,6.734370358105783,-0.5216770075619186,0.0,5.290322580645161,0.0,0.0,-0.9666666666666667,,,,,,0.0,0.0,0.0,0.3870967741935484,3.0,1957.8098615075758,45.351744120133816,0.0,3550.887294827561,0.0,0.0,1.7199999999999998,0.0,11.142181818181818,4.854505449954337,2,DEGRADED
2026-05-05 09:12:08+00:00,scenario_a_r3,scenario_a,,,,21.04081818181818,31.639181818181825,27.306532764620997,18.0,37.333333333333336,6.509427277303262,-0.402738244704997,0.0,4.645161290322581,0.0,0.0,-0.8666666666666667,,,,,,0.0,0.0,0.0,0.3548387096774194,3.0,2054.7138343272727,42.372643478499754,0.0,3762.3118468365374,0.0,0.0,1.7199999999999998,0.0,11.4952,4.966038322669513,2,DEGRADED
2026-05-05 09:12:09+00:00,scenario_a_r3,scenario_a,,,,22.9024,34.2428,27.079260037348273,18.0,37.333333333333336,6.313241471355387,-0.28723821702594166,0.0,4.096774193548387,0.0,0.0,-0.8666666666666667,,,,,,0.0,0.0,0.0,0.3225806451612903,3.0,2157.8070831111113,39.85701787564153,0.0,3984.2430704070557,0.0,0.0,1.7199999999999998,0.0,11.671,5.234170445256822,2,DEGRADED
2026-05-05 09:12:10+00:00,scenario_a_r3,scenario_a,,,,25.071444444444445,37.08544444444445,26.678358299841676,18.0,37.333333333333336,6.14268661263638,-0.21707022730040654,0.0,3.5483870967741935,0.0,0.0,-0.8333333333333334,,,,,,0.0,0.0,0.0,0.2903225806451613,3.0,2283.6974295555556,37.732598821062204,0.0,4280.056148674464,0.0,0.0,1.7199999999999998,,12.036125,5.471661420119904,2,DEGRADED
2026-05-05 09:12:11+00:00,scenario_a_r3,scenario_a,,,,27.813250000000004,40.764125,26.194041252864782,18.0,36.6,5.8354749509758586,-0.10970396063563664,0.0,3.032258064516129,0.0,0.0,-0.8333333333333334,,,,,,0.0,0.0,0.0,0.25806451612903225,3.0,2393.423696625,34.0527679034667,0.0,4568.641534767447,0.0,0.0,1.7199999999999998,,12.362714285714286,5.825240473270488,2,DEGRADED
2026-05-05 09:12:12+00:00,scenario_a_r3,scenario_a,,,,31.396285714285714,45.41585714285714,25.698519407763104,18.0,33.42857142857143,5.502036577706195,0.022496998799519805,0.0,2.5161290322580645,0.0,0.0,-0.8333333333333334,,,,,,0.0,0.0,0.0,0.22580645161290322,3.0,2470.544582047619,30.272406502416903,0.0,4806.783890634002,0.0,0.0,1.7199999999999998,,13.009500000000001,6.0996823769766895,2,DEGRADED
2026-05-05 09:12:13+00:00,scenario_a_r3,scenario_a,,,,36.121166666666674,51.697,25.31201680672269,18.0,32.8,5.352472078834842,0.1481026094648378,0.0,2.0,0.0,0.0,-0.7,,,,,,0.0,0.0,0.0,0.1935483870967742,3.0,2445.7245513666667,28.648957354706578,0.0,4831.153064652478,0.0,0.0,1.7199999999999998,,13.979800000000001,6.280648111461109,2,DEGRADED
2026-05-05 09:12:14+00:00,scenario_a_r3,scenario_a,,,,42.539,59.7922,24.990977443609022,18.0,32.8,5.30051617883693,0.27979949874686777,0.0,1.6129032258064515,0.0,0.0,-0.7,,,,,,0.0,0.0,0.0,0.16129032258064516,3.0,2256.7493312,28.09547176211205,0.0,4515.128182345508,0.0,0.0,1.7199999999999998,,15.311,6.3860340848865915,2,DEGRADED
2026-05-05 09:12:15+00:00,scenario_a_r3,scenario_a,,,,51.975500000000004,71.709,24.55714285714286,18.0,30.0,5.106886995477822,0.4822939702196668,0.0,1.1612903225806452,0.0,0.0,-0.6666666666666666,,,,,,0.0,0.0,0.0,0.12903225806451613,3.0,1468.6147449999999,26.0802947845805,0.0,2990.1987245491555,0.0,0.0,1.7199999999999998,,18.160333333333334,3.529864633854014,2,DEGRADED
2026-05-05 09:12:16+00:00,scenario_a_r3,scenario_a,,,,60.87233333333334,84.022,24.363025210084032,18.0,30.0,5.190005768370107,0.6455182072829143,0.0,0.7419354838709677,0.0,0.0,-0.5666666666666667,,,,,,0.0,0.0,0.0,0.0967741935483871,3.0,818.3404433333335,26.93615987571499,0.0,1679.472143292403,0.0,0.0,1.7199999999999998,,20.18,0.6675088014401027,2,DEGRADED
2026-05-05 09:12:17+00:00,scenario_a_r3,scenario_a,,,,76.20500000000001,88.8965,24.310714285714287,18.0,30.0,5.345385908445159,0.7955462184873957,0.0,0.41935483870967744,0.0,0.0,-0.23333333333333334,,,,,,0.0,0.0,0.0,0.06451612903225806,2.0,83.57238249999996,28.573150510204083,0.0,171.88384824445416,0.0,0.0,1.7199999999999998,,20.652,0.0,2,DEGRADED
2026-05-05 09:12:18+00:00,scenario_a_r3,scenario_a,,,,76.20500000000001,88.8965,24.2647619047619,18.0,30.0,5.517630041044912,0.9857142857142862,0.0,0.41935483870967744,0.0,0.0,-0.23333333333333334,,,,,,0.0,0.0,0.0,0.06451612903225806,1.0,83.57238249999996,30.444241269841278,0.0,172.2093602814192,0.0,0.0,1.7199999999999998,,20.652,0.0,2,DEGRADED
2026-05-05 09:12:19+00:00,scenario_a_r3,scenario_a,,,,76.626,95.347,24.52857142857143,18.0,30.0,5.619154559111511,1.0914285714285712,0.0,0.1935483870967742,0.0,0.0,-0.2,,,,,,0.0,0.0,0.0,0.03225806451612903,1.0,,31.574897959183676,0.0,,0.0,0.0,1.7199999999999998,,,0.5619154559111511,2,DEGRADED
2026-05-05 09:12:20+00:00,scenario_a_r3,scenario_a,,,,,,24.646153846153844,18.0,30.0,5.81465196850103,1.305494505494506,0.0,0.0,0.0,0.0,0.0,,,,,,0.0,0.0,0.0,0.0,0.0,,33.810177514792905,0.0,,0.0,0.0,1.7199999999999998,,,0.581465196850103,2,DEGRADED
2026-05-05 09:12:21+00:00,scenario_a_r3,scenario_a,,,,,,25.0,18.0,30.0,5.916079783099616,1.4685314685314685,0.0,0.0,0.0,0.0,0.0,,,,,,0.0,0.0,0.0,0.0,0.0,,35.0,0.0,,0.0,0.0,1.7199999999999998,,,0.5916079783099616,2,DEGRADED
2026-05-05 09:12:22+00:00,scenario_a_r3,scenario_a,,,,,,25.636363636363637,18.0,30.0,5.772548315050016,1.527272727272728,0.0,0.0,0.0,0.0,0.0,,,,,,0.0,0.0,0.0,0.0,0.0,,33.32231404958678,0.0,,0.0,0.0,1.7199999999999998,,,0.5772548315050016,2,DEGRADED
2026-05-05 09:12:23+00:00,scenario_a_r3,scenario_a,,,,,,26.4,18.0,30.0,5.499090833947008,1.5272727272727273,0.0,0.0,0.0,0.0,0.0,,,,,,0.0,0.0,0.0,0.0,0.0,,30.240000000000002,0.0,,0.0,0.0,1.7199999999999998,,,0.5499090833947008,2,DEGRADED
2026-05-05 09:12:24+00:00,scenario_a_r3,scenario_a,,,,,,27.333333333333332,18.0,30.0,4.988876515698588,1.4000000000000006,0.0,0.0,0.0,0.0,0.0,,,,,,0.0,0.0,0.0,0.0,0.0,,24.888888888888886,0.0,,0.0,0.0,1.7199999999999998,,,0.4988876515698588,2,DEGRADED
2026-05-05 09:12:25+00:00,scenario_a_r3,scenario_a,,,,,,28.5,18.0,30.0,3.968626966596886,0.9999999999999992,0.0,0.0,0.0,0.0,0.0,,,,,,0.0,0.0,0.0,0.0,0.0,,15.750000000000002,0.0,,0.0,0.0,1.7199999999999998,,,0.39686269665968865,2,DEGRADED
2026-05-05 09:12:26+00:00,scenario_a_r3,scenario_a,,,,,,30.0,30.0,30.0,0.0,-9.125515537065471e-16,0.0,0.0,0.0,0.0,0.0,,,,,,0.0,0.0,0.0,0.0,0.0,,0.0,0.0,,0.0,0.0,1.7199999999999998,0.0,,0.0,2,DEGRADED
2026-05-05 09:12:27+00:00,scenario_a_r3,scenario_a,,,,,,30.0,30.0,30.0,0.0,2.2697738503072107e-15,0.0,0.0,0.0,0.0,0.0,,,,,,0.0,0.0,0.0,0.0,0.0,,0.0,0.0,,0.0,0.0,1.7199999999999998,0.0,,0.0,2,DEGRADED
2026-05-05 09:12:28+00:00,scenario_a_r3,scenario_a,,,,,,30.0,30.0,30.0,0.0,-1.294387166959325e-15,0.0,0.0,0.0,0.0,0.0,,,,,,0.0,0.0,0.0,0.0,0.0,,0.0,0.0,,0.0,0.0,1.7199999999999998,0.0,,0.0,2,DEGRADED
2026-05-05 09:12:29+00:00,scenario_a_r3,scenario_a,,,,,,30.0,30.0,30.0,0.0,4.321621991514517e-16,0.0,0.0,0.0,0.0,0.0,,,,,,0.0,0.0,0.0,0.0,0.0,,0.0,0.0,,0.0,0.0,1.7199999999999998,0.0,,0.0,2,DEGRADED
2026-05-05 09:12:30+00:00,scenario_a_r3,scenario_a,,,,,,29.5,24.0,30.0,1.6583123951777,-0.23076923076922967,0.0,0.0,0.0,0.0,0.0,,,,,,0.0,0.0,0.0,0.0,0.0,,2.75,0.0,,0.0,0.0,1.7199999999999998,0.0,,0.16583123951777,2,DEGRADED
2026-05-05 09:12:31+00:00,scenario_a_r3,scenario_a,,,,,,29.076923076923077,24.0,30.0,2.16480727376466,-0.3626373626373624,0.0,0.0,0.0,0.0,0.0,,,,,,0.0,0.0,0.0,0.0,0.0,,4.6863905325443795,0.0,,0.0,0.0,1.7199999999999998,0.0,,0.216480727376466,2,DEGRADED
2026-05-05 09:12:32+00:00,scenario_a_r3,scenario_a,,,,,,28.714285714285715,24.0,30.0,2.461955419944869,-0.43516483516483623,0.0,0.0,0.0,0.0,0.0,,,,,,0.0,0.0,0.0,0.0,0.0,,6.061224489795918,0.0,,0.0,0.0,1.7199999999999998,0.0,,0.24619554199448693,2,DEGRADED
2026-05-05 09:12:33+00:00,scenario_a_r3,scenario_a,,,,,,28.4,24.0,30.0,2.6532998322843198,-0.4714285714285698,0.0,0.0,0.0,0.0,0.0,,,,,,0.0,0.0,0.0,0.0,0.0,,7.039999999999999,0.0,,0.0,0.0,1.7199999999999998,0.0,,0.265329983228432,2,DEGRADED
2026-05-05 09:12:34+00:00,scenario_a_r3,scenario_a,,,,,,28.0,24.0,30.0,2.8284271247461903,-0.535714285714284,0.0,0.0,0.0,0.0,0.0,,,,,,0.0,0.0,0.0,0.0,0.0,,8.000000000000002,0.0,,0.0,0.0,1.7199999999999998,0.0,,0.28284271247461906,2,DEGRADED
2026-05-05 09:12:35+00:00,scenario_a_r3,scenario_a,,,,,,27.857142857142858,24.0,30.0,2.8749445424997297,-0.5934065934065951,0.0,0.0,0.0,0.0,0.0,,,,,,0.0,0.0,0.0,0.0,0.0,,8.26530612244898,0.0,,0.0,0.0,1.7199999999999998,,,0.287494454249973,2,DEGRADED
2026-05-05 09:12:36+00:00,scenario_a_r3,scenario_a,,,,,,27.857142857142858,24.0,30.0,2.8749445424997293,-0.4615384615384636,0.0,0.0,0.0,0.0,0.0,,,,,,0.0,0.0,0.0,0.0,0.0,,8.265306122448978,0.0,,0.0,0.0,1.7199999999999998,0.0,,0.28749445424997294,2,DEGRADED
2026-05-05 09:12:37+00:00,scenario_a_r3,scenario_a,,,,,,27.857142857142858,24.0,30.0,2.8749445424997297,-0.32967032967033166,0.0,0.0,0.0,0.0,0.0,,,,,,0.0,0.0,0.0,0.0,0.0,,8.26530612244898,0.0,,0.0,0.0,1.7199999999999998,0.0,,0.287494454249973,2,DEGRADED
2026-05-05 09:12:38+00:00,scenario_a_r3,scenario_a,,,,,,27.857142857142858,24.0,30.0,2.8749445424997293,-0.197802197802199,0.0,0.0,0.0,0.0,0.0,,,,,,0.0,0.0,0.0,0.0,0.0,,8.265306122448978,0.0,,0.0,0.0,1.7199999999999998,0.0,,0.28749445424997294,2,DEGRADED
2026-05-05 09:12:39+00:00,scenario_a_r3,scenario_a,,,,,,27.428571428571427,24.0,30.0,2.9692299558323607,-0.2373626373626387,0.0,0.0,0.0,0.0,0.0,,,,,,0.0,0.0,0.0,0.0,0.0,,8.816326530612242,0.0,,0.0,0.0,1.7199999999999998,0.0,,0.2969229955832361,2,DEGRADED
2026-05-05 09:12:40+00:00,scenario_a_r3,scenario_a,,,,,,27.0,24.0,30.0,3.0,-0.2505494505494526,0.0,0.0,0.0,0.0,0.0,,,,,,0.0,0.0,0.0,0.0,0.0,,9.0,0.0,,0.0,0.0,1.7199999999999998,0.0,,0.30000000000000004,2,DEGRADED
2026-05-05 09:12:41+00:00,scenario_a_r3,scenario_a,,,,,,26.8,24.0,30.0,2.9933259094191533,-0.2785714285714283,0.0,0.0,0.0,0.0,0.0,,,,,,0.0,0.0,0.0,0.0,0.0,,8.96,0.0,,0.0,0.0,1.7199999999999998,0.0,,0.29933259094191533,2,DEGRADED
2026-05-05 09:12:42+00:00,scenario_a_r3,scenario_a,,,,,,26.625,24.0,30.0,2.9764702249476644,-0.29117647058823504,0.0,0.0,0.0,0.0,0.0,,,,,,0.0,0.0,0.0,0.0,0.0,,8.859375,0.0,,0.0,0.0,1.7199999999999998,0.0,,0.29764702249476643,2,DEGRADED
2026-05-05 09:12:43+00:00,scenario_a_r3,scenario_a,,,,,,26.470588235294116,24.0,30.0,2.952917740708502,-0.2941176470588227,0.0,0.0,0.0,0.0,0.0,,,,,,0.0,0.0,0.0,0.0,0.0,,8.719723183391004,0.0,,0.0,0.0,1.7199999999999998,0.0,,0.2952917740708502,2,DEGRADED
2026-05-05 09:12:44+00:00,scenario_a_r3,scenario_a,,,,,,26.333333333333332,24.0,30.0,2.9249881291307074,-0.2910216718266261,0.0,0.0,0.0,0.0,0.0,,,,,,0.0,0.0,0.0,0.0,0.0,,8.555555555555555,0.0,,0.0,0.0,1.7199999999999998,0.0,,0.2924988129130707,2,DEGRADED
2026-05-05 09:12:45+00:00,scenario_a_r3,scenario_a,,,,,,25.894736842105264,18.0,30.0,3.401156720295476,-0.37894736842105275,0.0,0.0,0.0,0.0,0.0,,,,,,0.0,0.0,0.0,0.0,0.0,,11.567867036011078,0.0,,0.0,0.0,1.7199999999999998,0.0,,0.3401156720295476,2,DEGRADED
2026-05-05 09:12:46+00:00,scenario_a_r3,scenario_a,,,,,,25.5,18.0,30.0,3.7349698793966195,-0.43759398496240587,0.0,0.0,0.0,0.0,0.0,,,,,,0.0,0.0,0.0,0.0,0.0,,13.95,0.0,,0.0,0.0,1.7199999999999998,0.0,,0.37349698793966196,2,DEGRADED
2026-05-05 09:12:47+00:00,scenario_a_r3,scenario_a,,,,,,25.142857142857142,18.0,30.0,3.979539507766891,-0.4753246753246756,0.0,0.0,0.0,0.0,0.0,,,,,,0.0,0.0,0.0,0.0,0.0,,15.83673469387755,0.0,,0.0,0.0,1.7199999999999998,0.0,,0.39795395077668916,2,DEGRADED
2026-05-05 09:12:48+00:00,scenario_a_r3,scenario_a,,,,,,25.142857142857142,18.0,30.0,3.979539507766891,-0.4753246753246756,0.0,0.0,0.0,0.0,0.0,,,,,,0.0,0.0,0.0,0.0,0.0,,15.83673469387755,0.0,,0.0,0.0,1.7199999999999998,,,0.39795395077668916,2,DEGRADED
2026-05-05 09:12:49+00:00,scenario_a_r3,scenario_a,,,,,,25.142857142857142,18.0,30.0,3.979539507766891,-0.4753246753246756,0.0,0.0,0.0,0.0,0.0,,,,,,0.0,0.0,0.0,0.0,0.0,,15.83673469387755,0.0,,0.0,0.0,1.7199999999999998,,,0.39795395077668916,2,DEGRADED
2026-05-05 09:12:50+00:00,scenario_a_r3,scenario_a,,,,,,25.142857142857142,18.0,30.0,3.979539507766891,-0.4753246753246756,0.0,0.0,0.0,0.0,0.0,,,,,,0.0,0.0,0.0,0.0,0.0,,15.83673469387755,0.0,,0.0,0.0,1.7199999999999998,,,0.39795395077668916,2,DEGRADED
2026-05-05 09:12:51+00:00,scenario_a_r3,scenario_a,,,,,,25.142857142857142,18.0,30.0,3.979539507766891,-0.4753246753246756,0.0,0.0,0.0,0.0,0.0,,,,,,0.0,0.0,0.0,0.0,0.0,,15.83673469387755,0.0,,0.0,0.0,1.7199999999999998,,,0.39795395077668916,2,DEGRADED
2026-05-05 09:12:52+00:00,scenario_a_r3,scenario_a,,,,,,25.142857142857142,18.0,30.0,3.979539507766891,-0.4753246753246756,0.0,0.0,0.0,0.0,0.0,,,,,,0.0,0.0,0.0,0.0,0.0,,15.83673469387755,0.0,,0.0,0.0,1.7199999999999998,,,0.39795395077668916,2,DEGRADED
2026-05-05 09:12:53+00:00,scenario_a_r3,scenario_a,,,,,,25.142857142857142,18.0,30.0,3.979539507766891,-0.4753246753246756,0.0,0.0,0.0,0.0,0.0,,,,,,0.0,0.0,0.0,0.0,0.0,,15.83673469387755,0.0,,0.0,0.0,1.7199999999999998,,,0.39795395077668916,2,DEGRADED
2026-05-05 09:12:54+00:00,scenario_a_r3,scenario_a,,,,,,25.142857142857142,18.0,30.0,3.979539507766891,-0.4753246753246756,0.0,0.0,0.0,0.0,0.0,,,,,,0.0,0.0,0.0,0.0,0.0,,15.83673469387755,0.0,,0.0,0.0,1.7199999999999998,,,0.39795395077668916,2,DEGRADED
2026-05-05 09:12:55+00:00,scenario_a_r3,scenario_a,,,,,,25.142857142857142,18.0,30.0,3.979539507766891,-0.4753246753246756,0.0,0.0,0.0,0.0,0.0,,,,,,0.0,0.0,0.0,0.0,0.0,,15.83673469387755,0.0,,0.0,0.0,1.7199999999999998,,,0.39795395077668916,2,DEGRADED
2026-05-05 09:12:56+00:00,scenario_a_r3,scenario_a,,,,,,25.142857142857142,18.0,30.0,3.979539507766891,-0.4753246753246756,0.0,0.0,0.0,0.0,0.0,,,,,,0.0,0.0,0.0,0.0,0.0,,15.83673469387755,0.0,,0.0,0.0,1.7199999999999998,,,0.39795395077668916,2,DEGRADED
2026-05-05 09:12:57+00:00,scenario_a_r3,scenario_a,,,,,,24.9,18.0,30.0,3.9230090491866063,-0.4736842105263164,0.0,0.0,0.0,0.0,0.0,,,,,,0.0,0.0,0.0,0.0,0.0,,15.39,0.0,,0.0,0.0,1.7199999999999998,,,0.39230090491866065,2,DEGRADED
